id,Danceability
17170,3.809084
17171,6.4597163
17172,2.623681
17173,3.866346
17174,5.51592
17175,5.078987
17176,3.6208553
17177,1.9294854
17178,5.866476
17179,0.948867
17180,2.8728507
17181,3.3376286
17182,3.9403818
17183,4.571174
17184,3.9463892
17185,3.4182742
17186,4.1932783
17187,2.4769855
17188,2.7040713
17189,3.530563
17190,6.883039
17191,7.6794734
17192,5.6782203
17193,4.711697
17194,5.049784
17195,6.266932
17196,5.3262014
17197,7.1434846
17198,7.924682
17199,5.8993635
17200,2.7951643
17201,3.5155299
17202,2.771354
17203,0.5566012
17204,4.88737
17205,4.7348833
17206,5.7211313
17207,2.498612
17208,1.5360975
17209,2.9721682
17210,2.9043348
17211,3.577804
17212,1.8982333
17213,6.472522
17214,3.8388565
17215,3.8059895
17216,5.023704
17217,5.065974
17218,4.378769
17219,6.429232
17220,5.2528405
17221,0.78717107
17222,2.660735
17223,1.8586453
17224,3.1849377
17225,3.070057
17226,4.796982
17227,2.619032
17228,3.8503184
17229,1.957519
17230,2.3340628
17231,3.6116128
17232,3.4184542
17233,2.6650805
17234,3.2280605
17235,1.1417153
17236,1.661581
17237,2.4216988
17238,1.3372529
17239,2.270776
17240,1.8062458
17241,0.87367636
17242,2.9720767
17243,1.6209526
17244,1.7055415
17245,2.6600733
17246,3.0973687
17247,5.4763455
17248,2.5041695
17249,2.3135202
17250,0.78438324
17251,1.3853549
17252,1.930314
17253,1.8552907
17254,4.2529426
17255,3.8828492
17256,5.534223
17257,7.225195
17258,2.3507237
17259,6.1303344
17260,4.157436
17261,4.0042505
17262,6.401397
17263,9.892229
17264,3.7700863
17265,5.0609045
17266,4.4180427
17267,4.7072515
17268,4.554859
17269,2.8953621
17270,4.5844193
17271,5.786288
17272,4.6690197
17273,6.0026126
17274,4.976167
17275,7.889301
17276,5.0932713
17277,5.4990864
17278,4.628402
17279,3.5585773
17280,5.03281
17281,3.077956
17282,2.2793202
17283,5.1232896
17284,5.9860444
17285,6.3340936
17286,2.4971294
17287,1.3741765
17288,3.78893
17289,4.380065
17290,5.882976
17291,4.482026
17292,4.3384013
17293,5.4005175
17294,7.918647
17295,4.2071915
17296,6.4346447
17297,2.9890416
17298,4.6764646
17299,6.9204674
17300,8.568821
17301,8.18185
17302,7.634041
17303,3.8129025
17304,4.4525533
17305,4.761365
17306,3.6408033
17307,5.2947035
17308,3.9936163
17309,6.358121
17310,4.978985
17311,5.973416
17312,3.521589
17313,6.676608
17314,7.174057
17315,6.930484
17316,5.103666
17317,4.3963323
17318,3.1433237
17319,5.2985945
17320,4.633373
17321,3.2964194
17322,4.0577826
17323,3.4284427
17324,3.978133
17325,1.8037075
17326,4.0427437
17327,3.0878427
17328,1.8881345
17329,3.372653
17330,2.9568245
17331,3.4341598
17332,2.345593
17333,1.5592389
17334,2.6060853
17335,4.127029
17336,3.9240317
17337,5.823021
17338,4.53287
17339,6.2188387
17340,6.040314
17341,4.717357
17342,3.227933
17343,2.9743824
17344,0.84131426
17345,4.139158
17346,7.2989674
17347,5.679301
17348,7.066136
17349,2.4509993
17350,7.119186
17351,4.554606
17352,2.6265018
17353,5.6252513
17354,6.5804377
17355,5.7088804
17356,1.9406791
17357,4.9060564
17358,3.6943102
17359,7.848807
17360,4.9774365
17361,4.2786727
17362,2.906328
17363,5.440872
17364,3.94289
17365,7.187896
17366,3.8970196
17367,5.745772
17368,5.1712394
17369,6.827001
17370,6.670269
17371,8.569733
17372,6.1377635
17373,5.2556367
17374,5.4756937
17375,4.8104134
17376,4.2974486
17377,0.83433795
17378,3.9229398
17379,7.4994287
17380,4.8333545
17381,3.121131
17382,2.8143742
17383,6.1575384
17384,7.4832735
17385,3.2687294
17386,6.4175286
17387,3.5362732
17388,4.14889
17389,2.9722872
17390,7.1990786
17391,5.3888435
17392,5.78416
17393,4.1777625
17394,4.923296
17395,4.874472
17396,7.7620864
17397,3.8998032
17398,6.0522566
17399,4.61894
17400,6.38332
17401,3.5761755
17402,4.342816
17403,4.6358852
17404,6.0561523
17405,5.7943115
17406,1.5077666
17407,3.1460047
17408,1.3671366
17409,5.8973336
17410,2.0679636
17411,4.6005006
17412,2.9648864
17413,4.7335873
17414,6.934862
17415,3.4658122
17416,7.771706
17417,3.7271848
17418,4.653492
17419,9.232465
17420,1.4744654
17421,7.0125346
17422,0.95095885
17423,1.2631322
17424,5.2281766
17425,5.3672104
17426,3.652907
17427,6.003315
17428,1.5898902
17429,6.015768
17430,5.086311
17431,3.6694639
17432,6.7486777
17433,4.951178
17434,4.6686373
17435,2.505327
17436,5.278738
17437,2.7772434
17438,6.6965384
17439,4.3031473
17440,3.2265162
17441,3.6160321
17442,1.7932105
17443,3.4572768
17444,4.2799196
17445,5.697639
17446,4.022808
17447,5.0388017
17448,3.7894635
17449,3.2250707
17450,4.2627068
17451,4.8738585
17452,5.220903
17453,8.027457
17454,6.284939
17455,0.8934968
17456,6.5860844
17457,3.207406
17458,4.138381
17459,6.5925803
17460,3.3515918
17461,2.574889
17462,2.5141768
17463,2.8056943
17464,4.4502883
17465,1.5134596
17466,1.8069731
17467,4.066311
17468,5.248086
17469,3.389996
17470,1.1404918
17471,4.5053263
17472,2.6311095
17473,4.7943683
17474,1.8314538
17475,3.6290572
17476,7.0687914
17477,7.029005
17478,8.02609
17479,3.2458603
17480,4.444198
17481,4.212236
17482,6.8752394
17483,4.9230714
17484,4.0352116
17485,6.7153296
17486,8.027072
17487,3.4681697
17488,5.81978
17489,1.477655
17490,5.2924914
17491,4.91277
17492,3.3771603
17493,5.5884705
17494,4.3775992
17495,1.44417
17496,6.098155
17497,6.6408887
17498,5.489275
17499,2.904631
17500,1.9265547
17501,3.0629034
17502,5.3157754
17503,3.788821
17504,5.076146
17505,1.2672236
17506,4.1562243
17507,0.24044648
17508,3.3752859
17509,4.819957
17510,4.9271674
17511,4.039269
17512,2.732384
17513,3.724256
17514,6.5990458
17515,6.7625365
17516,5.855973
17517,1.9620293
17518,4.438884
17519,4.9833407
17520,2.5506833
17521,6.611693
17522,2.79095
17523,4.5036745
17524,5.063745
17525,5.762657
17526,3.7046912
17527,2.5730317
17528,5.044118
17529,6.6115484
17530,1.8292145
17531,4.1538835
17532,5.0406513
17533,2.459403
17534,3.986615
17535,7.567943
17536,3.118412
17537,7.4325285
17538,5.6350837
17539,4.5284343
17540,7.699202
17541,7.2692575
17542,1.9215771
17543,6.76947
17544,4.828596
17545,6.7228813
17546,5.8445334
17547,3.1583674
17548,1.4240731
17549,3.405938
17550,4.6487045
17551,7.173685
17552,3.7609367
17553,3.7530556
17554,5.2140613
17555,4.2956433
17556,4.180915
17557,3.5190039
17558,4.9992404
17559,9.758611
17560,5.291293
17561,7.7125883
17562,2.9355984
17563,4.4008555
17564,4.348395
17565,4.749058
17566,6.2227473
17567,3.6176674
17568,4.684577
17569,1.9580952
17570,2.1970263
17571,8.118479
17572,5.6092906
17573,3.3999455
17574,5.1014547
17575,4.3266287
17576,2.1844974
17577,3.9576979
17578,7.7396226
17579,8.095313
17580,3.720721
17581,7.6920075
17582,6.240683
17583,3.0815144
17584,3.6494513
17585,3.5246723
17586,5.066837
17587,4.4488945
17588,5.7911067
17589,3.8552158
17590,5.129937
17591,5.7609887
17592,2.3946283
17593,3.6839602
17594,5.2424755
17595,7.560407
17596,5.075798
17597,1.8859646
17598,3.8328388
17599,5.031571
17600,2.473438
17601,7.194877
17602,3.8977132
17603,4.748429
17604,3.1249585
17605,3.5294514
17606,0.17099172
17607,4.4638886
17608,6.052839
17609,7.845544
17610,2.5105588
17611,3.3486383
17612,2.6784005
17613,6.125727
17614,1.5264984
17615,5.119667
17616,2.7847655
17617,4.0646377
17618,2.2749875
17619,2.4067218
17620,4.5683084
17621,3.0832655
17622,7.1296406
17623,5.7537246
17624,2.8767858
17625,4.751507
17626,5.2410064
17627,4.544609
17628,2.7582839
17629,3.7900414
17630,5.1768527
17631,2.0883858
17632,5.012433
17633,1.7493143
17634,2.3588743
17635,2.4913864
17636,3.6006236
17637,2.1052322
17638,1.6410741
17639,5.164075
17640,3.5442395
17641,2.7601545
17642,3.7842836
17643,2.3498452
17644,3.167377
17645,0.61114293
17646,2.0645945
17647,1.2557588
17648,3.885428
17649,1.9254911
17650,5.0141797
17651,2.31679
17652,0.699737
17653,5.2855372
17654,2.3629456
17655,1.4077653
17656,3.4582021
17657,1.7745355
17658,1.2324358
17659,1.705603
17660,1.9386766
17661,0.9276418
17662,2.5573747
17663,1.8323274
17664,2.8665931
17665,0.6709345
17666,2.2823875
17667,3.7887857
17668,0.5189942
17669,0.7866866
17670,2.6601624
17671,0.6560108
17672,2.2535303
17673,1.6850985
17674,2.615971
17675,2.6527119
17676,4.2775555
17677,1.5939502
17678,0.39670584
17679,2.177194
17680,2.4668584
17681,7.5537
17682,6.527352
17683,4.7499604
17684,2.2585158
17685,4.142764
17686,3.569784
17687,-0.19313033
17688,-0.36997622
17689,3.30214
17690,3.343642
17691,4.824615
17692,2.7107108
17693,1.8314146
17694,4.026132
17695,5.47373
17696,3.756733
17697,0.21342835
17698,1.6372889
17699,0.40249842
17700,1.1345451
17701,3.929104
17702,4.516069
17703,5.821277
17704,3.0121562
17705,3.6348565
17706,2.9529092
17707,4.381439
17708,6.858521
17709,4.2969465
17710,2.4584513
17711,2.5246232
17712,6.07223
17713,3.5959835
17714,4.5798635
17715,1.867862
17716,3.410895
17717,3.3732703
17718,3.4997606
17719,3.7595382
17720,3.1061182
17721,2.571853
17722,2.378703
17723,1.6395111
17724,1.5015279
17725,1.5930547
17726,2.9222188
17727,1.3679504
17728,2.4111943
17729,1.8322468
17730,5.1972136
17731,1.1707655
17732,1.9155122
17733,1.104158
17734,6.2866616
17735,4.356124
17736,5.8137274
17737,2.3488479
17738,4.7503614
17739,-0.59684473
17740,2.2373378
17741,0.5897127
17742,8.0068655
17743,8.964122
17744,3.940929
17745,6.6209364
17746,3.132164
17747,2.5215197
17748,3.5606234
17749,2.635016
17750,3.131233
17751,1.4175706
17752,6.93779
17753,3.1136804
17754,4.711106
17755,3.6134338
17756,3.9483526
17757,5.210603
17758,4.3364663
17759,0.46793404
17760,0.7460452
17761,2.0536096
17762,0.89036924
17763,4.1542225
17764,2.4926376
17765,5.1448812
17766,1.2084459
17767,3.5804052
17768,6.5828815
17769,1.2805232
17770,1.4508847
17771,4.1914034
17772,4.8295445
17773,8.401475
17774,5.78145
17775,3.48228
17776,3.6962607
17777,2.4646297
17778,3.5759182
17779,8.554344
17780,4.344634
17781,5.0125823
17782,3.4297354
17783,4.7513256
17784,3.6230433
17785,2.6168385
17786,3.8028817
17787,0.48323303
17788,1.2742074
17789,6.3475337
17790,1.5016596
17791,2.286978
17792,2.0888555
17793,3.8740506
17794,2.6487563
17795,8.899996
17796,5.187928
17797,8.869548
17798,4.3144574
17799,6.6355424
17800,4.156185
17801,3.5497587
17802,7.1329603
17803,4.940646
17804,8.46204
17805,3.6567695
17806,3.3532324
17807,4.386713
17808,0.9373447
17809,5.9003086
17810,3.5360584
17811,2.7330115
17812,4.164483
17813,2.7384102
17814,5.215687
17815,5.1790867
17816,3.872559
17817,1.8556689
17818,3.7214346
17819,6.389345
17820,5.588376
17821,3.0699322
17822,5.8340473
17823,4.674462
17824,1.8975862
17825,5.335691
17826,3.4483485
17827,4.208179
17828,6.5159383
17829,4.4474664
17830,3.568868
17831,4.4974923
17832,4.605101
17833,1.6058477
17834,3.6632924
17835,4.203641
17836,3.3300786
17837,0.6110341
17838,3.2675989
17839,3.4330363
17840,3.193595
17841,4.017779
17842,6.0613837
17843,4.2681065
17844,7.2378917
17845,5.726136
17846,8.328658
17847,6.6621637
17848,2.9964175
17849,5.8361797
17850,5.9409947
17851,5.9907417
17852,2.5167024
17853,7.007656
17854,4.862816
17855,3.1048162
17856,5.0432963
17857,3.5758295
17858,2.5613828
17859,6.11598
17860,3.8152995
17861,3.1124647
17862,4.3716884
17863,3.6093614
17864,4.9351554
17865,6.9575043
17866,5.973064
17867,3.5860155
17868,2.9782193
17869,5.6813803
17870,4.5411015
17871,1.55378
17872,5.90973
17873,3.0581305
17874,1.607828
17875,2.5100846
17876,2.9137952
17877,4.815799
17878,5.546933
17879,6.1587687
17880,1.4042069
17881,4.244567
17882,2.8947809
17883,5.1074567
17884,4.384388
17885,4.8436246
17886,2.9908967
17887,3.3219755
17888,3.6694238
17889,4.7694135
17890,5.879838
17891,6.112977
17892,2.7253277
17893,2.1737008
17894,2.9716766
17895,5.0476003
17896,8.602193
17897,5.162846
17898,7.808738
17899,2.3192544
17900,4.488249
17901,8.051191
17902,4.772156
17903,7.236241
17904,4.525976
17905,7.6268964
17906,3.0645056
17907,4.1940546
17908,3.9281616
17909,6.0400615
17910,2.9951572
17911,5.809087
17912,4.2495847
17913,4.1047273
17914,3.103953
17915,6.7959
17916,4.327221
17917,3.637289
17918,3.0432932
17919,2.6322112
17920,3.2507424
17921,1.0715016
17922,2.9758277
17923,3.593757
17924,4.141256
17925,2.5735736
17926,2.1910799
17927,4.8733644
17928,2.7597733
17929,2.2169917
17930,1.9826009
17931,-0.17365222
17932,3.7537386
17933,3.7405539
17934,5.6444445
17935,6.589854
17936,7.654874
17937,5.9137044
17938,4.6223497
17939,1.7310735
17940,2.3099294
17941,6.3059845
17942,8.370934
17943,6.85057
17944,2.3742433
17945,4.2515736
17946,3.666979
17947,2.173551
17948,2.0593097
17949,2.4647942
17950,2.254143
17951,1.4371812
17952,7.14757
17953,0.16977748
17954,4.276707
17955,4.3943634
17956,6.57228
17957,3.4483323
17958,6.775263
17959,6.753652
17960,3.9397511
17961,2.3481026
17962,3.9466553
17963,5.783859
17964,5.3293977
17965,5.689747
17966,3.2068925
17967,3.6206186
17968,5.943061
17969,5.791177
17970,6.980984
17971,5.8190236
17972,3.9105408
17973,5.426395
17974,4.5918503
17975,5.6006627
17976,5.161969
17977,6.218874
17978,2.499631
17979,3.948008
17980,4.526976
17981,3.7188554
17982,3.9763656
17983,6.588538
17984,5.472861
17985,7.4986854
17986,5.977205
17987,3.4152143
17988,6.1717825
17989,8.047766
17990,6.0495405
17991,6.6996045
17992,7.428618
17993,7.5984683
17994,1.9508153
17995,2.2667243
17996,5.3885365
17997,4.2143197
17998,8.192356
17999,5.5732894
18000,8.208795
18001,7.0691056
18002,6.582596
18003,4.4553804
18004,4.0961194
18005,1.7540649
18006,2.764466
18007,1.212303
18008,4.3657193
18009,5.9227834
18010,4.401842
18011,3.7126822
18012,2.3381767
18013,5.9794407
18014,2.2138658
18015,4.8723793
18016,2.4734995
18017,4.3098793
18018,4.495363
18019,5.74335
18020,4.6596007
18021,4.5967736
18022,5.4478106
18023,4.5548506
18024,6.278256
18025,5.2825174
18026,1.8246177
18027,4.7399693
18028,6.8648753
18029,2.4559848
18030,0.877978
18031,2.3855004
18032,3.7746847
18033,2.2922318
18034,6.476693
18035,2.6054628
18036,4.1794777
18037,2.4266481
18038,5.9390464
18039,5.434902
18040,5.791273
18041,4.5722213
18042,4.4659753
18043,5.240414
18044,6.1843357
18045,5.9329705
18046,4.742563
18047,6.414852
18048,5.959427
18049,2.3717976
18050,6.6971254
18051,5.6480336
18052,3.4659042
18053,6.4095106
18054,2.9394062
18055,4.6873665
18056,6.9731216
18057,2.4585667
18058,5.891277
18059,4.0789003
18060,7.4238577
18061,4.2976775
18062,7.2268887
18063,7.0390553
18064,1.4332811
18065,5.2004375
18066,2.6345425
18067,4.8606806
18068,5.0151825
18069,4.6522517
18070,5.724761
18071,2.8596463
18072,4.63215
18073,6.4743576
18074,6.762401
18075,3.8246126
18076,3.0475378
18077,3.289948
18078,5.0852814
18079,3.7967925
18080,4.574308
18081,5.716003
18082,7.727094
18083,4.14297
18084,7.012981
18085,7.6899548
18086,8.576043
18087,2.0570257
18088,3.0432358
18089,4.095241
18090,4.934914
18091,2.7714403
18092,1.9026217
18093,0.96913195
18094,2.7114105
18095,5.4360604
18096,5.142083
18097,4.4322653
18098,3.4015985
18099,4.654673
18100,1.924106
18101,1.521283
18102,4.326117
18103,2.1295025
18104,5.0474243
18105,2.7512398
18106,5.9386697
18107,3.9881244
18108,-0.011443162
18109,3.21857
18110,3.9795127
18111,4.465348
18112,5.084242
18113,7.2734623
18114,6.678341
18115,3.5384786
18116,7.6634808
18117,6.8610044
18118,6.6895685
18119,6.3030944
18120,4.580304
18121,6.6804047
18122,3.3724103
18123,2.0738418
18124,4.924567
18125,4.5112824
18126,0.6085475
18127,3.9734273
18128,8.418428
18129,3.829197
18130,5.598405
18131,2.512488
18132,2.6955287
18133,2.047
18134,2.0290213
18135,2.4560113
18136,3.1881332
18137,3.0764158
18138,5.5783997
18139,4.485031
18140,2.0994756
18141,4.051193
18142,2.1280425
18143,1.9682227
18144,2.6471813
18145,7.4763775
18146,2.253723
18147,1.9149553
18148,3.4755237
18149,3.7810433
18150,4.4831896
18151,4.7629795
18152,5.074572
18153,6.6419854
18154,5.67554
18155,5.708307
18156,5.987045
18157,8.1293955
18158,0.75725657
18159,6.7283845
18160,7.954431
18161,4.579933
18162,7.0991125
18163,4.0726976
18164,3.4994717
18165,6.9146786
18166,3.8960624
18167,5.562022
18168,3.922974
18169,7.639279
18170,6.666097
18171,4.635859
18172,5.352596
18173,3.7890854
18174,5.542373
18175,4.818351
18176,4.2298145
18177,1.8691623
18178,1.5785255
18179,4.4282646
18180,6.5133524
18181,4.047593
18182,5.4517126
18183,1.6624248
18184,7.7300262
18185,4.151901
18186,3.0213654
18187,3.3059437
18188,2.5982823
18189,0.19651352
18190,3.2811666
18191,3.7223833
18192,5.7061477
18193,2.1755943
18194,2.1427257
18195,1.613076
18196,3.248392
18197,4.213972
18198,0.8153515
18199,3.9106383
18200,1.8078263
18201,2.0438154
18202,2.7088292
18203,1.2859546
18204,0.50358355
18205,1.2242755
18206,3.5279722
18207,1.7756855
18208,3.230263
18209,-1.3717417
18210,5.933493
18211,6.025511
18212,8.595081
18213,6.68252
18214,6.3908205
18215,5.0378113
18216,6.1648893
18217,3.6457205
18218,4.709158
18219,2.1546783
18220,4.3741145
18221,4.308981
18222,6.241728
18223,4.1345687
18224,6.9832993
18225,2.0083215
18226,4.99169
18227,4.2298985
18228,6.192141
18229,6.4144735
18230,2.8365467
18231,2.1763046
18232,3.2815611
18233,4.7611623
18234,5.3994703
18235,2.4193046
18236,3.481013
18237,3.8226576
18238,2.7756114
18239,3.409474
18240,8.330163
18241,5.7240353
18242,3.7411475
18243,8.394897
18244,5.972828
18245,5.7269564
18246,7.1717954
18247,4.6197095
18248,4.496966
18249,2.0732784
18250,6.2921576
18251,4.6280856
18252,7.64681
18253,6.9371634
18254,1.8699636
18255,3.5906374
18256,2.2014751
18257,1.6509354
18258,3.0972617
18259,5.996309
18260,5.0134115
18261,6.0895114
18262,1.8885891
18263,1.8663639
18264,1.9059476
18265,3.7600548
18266,3.199157
18267,2.1053247
18268,1.7384192
18269,3.0450294
18270,4.4030256
18271,3.8549747
18272,4.1018476
18273,2.1172283
18274,2.7143185
18275,3.5284781
18276,4.1132326
18277,1.9402444
18278,1.205297
18279,3.2216294
18280,5.9676757
18281,5.4206586
18282,2.4279916
18283,4.669943
18284,2.0044608
18285,4.856601
18286,1.6837794
18287,3.5204215
18288,1.8398051
18289,4.6682076
18290,4.238008
18291,5.777183
18292,7.6282754
18293,2.7292907
18294,1.2940333
18295,3.003734
18296,0.97959954
18297,4.4499407
18298,2.5026
18299,3.4047246
18300,6.877006
18301,2.8350801
18302,6.7917433
18303,4.568683
18304,4.524125
18305,3.9510164
18306,3.512504
18307,1.7801648
18308,5.9366193
18309,5.8428335
18310,8.1093855
18311,4.235973
18312,4.390458
18313,4.7073784
18314,2.3424368
18315,3.5031154
18316,6.5240636
18317,2.7188766
18318,2.251025
18319,1.8513594
18320,0.9467886
18321,1.843311
18322,2.191247
18323,5.8619027
18324,2.7288399
18325,6.6105766
18326,7.5336046
18327,7.408468
18328,0.9456265
18329,8.813791
18330,3.594841
18331,5.4366555
18332,3.2669497
18333,2.1414816
18334,2.620184
18335,2.9873765
18336,4.224086
18337,3.7616746
18338,1.0143678
18339,2.8516552
18340,2.9466312
18341,2.933173
18342,5.230333
18343,5.827206
18344,4.222384
18345,3.9100714
18346,3.219939
18347,4.8408513
18348,2.7569757
18349,2.042382
18350,4.416186
18351,4.0001683
18352,4.5004334
18353,7.996588
18354,5.1287374
18355,2.720273
18356,3.2941031
18357,2.231876
18358,4.9766154
18359,4.941458
18360,4.5717754
18361,2.6355765
18362,4.106029
18363,8.355856
18364,5.9133153
18365,2.0674715
18366,3.246648
18367,3.7757092
18368,6.257646
18369,3.3886328
18370,6.7312193
18371,4.1918206
18372,2.1024837
18373,8.484249
18374,8.669605
18375,4.993311
18376,2.695468
18377,3.6727023
18378,2.9949336
18379,8.013717
18380,3.9261322
18381,7.4114723
18382,6.055372
18383,7.070107
18384,5.0017514
18385,6.0622344
18386,9.0830765
18387,7.1913133
18388,6.539249
18389,4.4585023
18390,6.576631
18391,1.974844
18392,1.1017594
18393,2.369308
18394,3.8397996
18395,0.55736643
18396,3.1152477
18397,2.3506548
18398,0.2573989
18399,3.202133
18400,4.7314777
18401,-0.26632184
18402,0.23451199
18403,6.469412
18404,2.5395577
18405,1.7314953
18406,3.3992558
18407,3.3591943
18408,6.1087914
18409,5.776077
18410,6.6261044
18411,2.5771036
18412,2.1247168
18413,3.3276613
18414,5.2875276
18415,3.697797
18416,8.710191
18417,4.1042285
18418,1.7033739
18419,1.8053662
18420,1.8473914
18421,3.1845918
18422,2.1666164
18423,1.5831472
18424,2.5348766
18425,2.846672
18426,1.4401842
18427,1.6618546
18428,2.605373
18429,3.1610887
18430,2.7984955
18431,1.5208054
18432,3.220874
18433,2.9356017
18434,2.8426661
18435,2.2317622
18436,2.3324513
18437,3.8403246
18438,4.9037848
18439,1.657879
18440,0.20064844
18441,3.6912012
18442,4.1589813
18443,2.7547865
18444,1.6954161
18445,2.6037278
18446,4.486249
18447,5.252437
18448,4.453945
18449,4.949958
18450,2.5194395
18451,2.590848
18452,5.184269
18453,4.3772984
18454,4.911782
18455,3.874377
18456,6.5568495
18457,3.672953
18458,7.5902295
18459,3.5819442
18460,4.409354
18461,6.056525
18462,7.081089
18463,4.796068
18464,8.29287
18465,4.6425247
18466,1.9032668
18467,3.2729988
18468,5.6238036
18469,4.131689
18470,3.7313588
18471,2.789343
18472,3.5853157
18473,6.139278
18474,4.6131735
18475,2.9974782
18476,2.4335833
18477,5.229929
18478,6.041711
18479,3.1385882
18480,7.4549975
18481,3.7818089
18482,2.9062824
18483,3.927246
18484,7.725441
18485,5.564967
18486,2.8349822
18487,2.5418074
18488,3.4021666
18489,6.6882253
18490,6.1811485
18491,4.7748404
18492,4.1615386
18493,2.752105
18494,2.4728317
18495,5.5632815
18496,5.461765
18497,4.1864257
18498,4.170563
18499,4.336786
18500,3.0968926
18501,4.4868016
18502,5.697632
18503,6.118622
18504,4.383584
18505,7.538788
18506,3.6651874
18507,4.4365864
18508,6.3486285
18509,8.079605
18510,6.7347074
18511,5.439885
18512,5.1898146
18513,6.758665
18514,5.9045115
18515,5.9089813
18516,1.2620567
18517,2.9459271
18518,3.732549
18519,4.7593083
18520,7.933226
18521,5.3577332
18522,0.41014928
18523,6.0431466
18524,0.7922352
18525,1.1074158
18526,3.0963783
18527,2.1618302
18528,3.727709
18529,5.2731233
18530,3.4751894
18531,2.6649873
18532,4.84295
18533,5.8521214
18534,4.344085
18535,2.0472796
18536,4.230184
18537,5.1520514
18538,6.9038773
18539,2.9892814
18540,0.80755967
18541,3.6739888
18542,2.629276
18543,7.0027394
18544,6.1438756
18545,3.1729627
18546,4.3798084
18547,6.977302
18548,3.446351
18549,5.229631
18550,0.593351
18551,1.1510781
18552,1.1330812
18553,2.5761538
18554,0.2794451
18555,2.823082
18556,1.073083
18557,0.87692785
18558,2.4097424
18559,1.3371706
18560,5.6386185
18561,1.9090725
18562,4.3419952
18563,3.5843742
18564,1.572208
18565,4.4185023
18566,4.856551
18567,4.794852
18568,3.606696
18569,3.2404797
18570,8.176285
18571,6.069523
18572,2.491238
18573,3.2639062
18574,2.8485098
18575,2.7328448
18576,1.7325531
18577,1.0829405
18578,3.817306
18579,4.663468
18580,5.0832233
18581,1.020337
18582,2.8184502
18583,3.3593013
18584,3.2745528
18585,4.563048
18586,3.2016647
18587,7.036774
18588,4.2659006
18589,3.7760315
18590,2.7104669
18591,4.5570445
18592,-0.7583025
18593,4.7021003
18594,0.2037091
18595,2.558809
18596,0.37144932
18597,3.459817
18598,5.3366237
18599,0.65384483
18600,3.645953
18601,3.9571326
18602,3.608205
18603,2.713387
18604,8.0366125
18605,6.7078147
18606,4.39483
18607,5.4400167
18608,6.86406
18609,-0.47365096
18610,5.2501445
18611,3.9298759
18612,5.1515355
18613,1.8324053
18614,6.0096936
18615,2.9134247
18616,1.7274827
18617,4.6342587
18618,3.9720974
18619,3.2898674
18620,1.5020256
18621,4.649171
18622,2.4328947
18623,1.9967375
18624,1.3050685
18625,5.8001456
18626,2.3905013
18627,3.877834
18628,0.69247276
18629,3.029243
18630,4.6127467
18631,3.4895794
18632,4.749042
18633,3.804776
18634,5.1256447
18635,6.448148
18636,3.8309243
18637,0.9608993
18638,1.8063625
18639,3.1394432
18640,2.563644
18641,3.8759756
18642,4.160222
18643,3.0634606
18644,5.7378387
18645,1.64872
18646,3.8062916
18647,1.9691951
18648,0.60847574
18649,0.06422253
18650,4.5328584
18651,0.050824516
18652,2.282637
18653,0.43370473
18654,4.518497
18655,7.1835957
18656,5.0233264
18657,3.2918167
18658,7.181429
18659,7.3114276
18660,5.9501524
18661,5.4506273
18662,7.109353
18663,3.3966389
18664,3.5434487
18665,4.683852
18666,4.4133143
18667,2.10391
18668,3.4483817
18669,2.3858705
18670,0.83581203
18671,4.23227
18672,-0.16125306
18673,3.6882322
18674,2.8835392
18675,1.3411354
18676,2.2828279
18677,1.2461501
18678,3.8260322
18679,2.9860446
18680,2.072787
18681,0.9408665
18682,1.2694751
18683,2.4766347
18684,5.387245
18685,1.854339
18686,4.624101
18687,3.6030746
18688,3.0799544
18689,4.0152264
18690,3.4253454
18691,5.8425193
18692,2.9880416
18693,0.4460976
18694,4.262131
18695,4.144536
18696,1.9089484
18697,3.0151
18698,1.5027087
18699,1.5341727
18700,5.2364483
18701,4.7859483
18702,4.577557
18703,3.1471093
18704,6.2068005
18705,4.902618
18706,4.7680335
18707,1.1643842
18708,4.677754
18709,0.050251372
18710,4.805307
18711,2.7379148
18712,2.6342518
18713,1.9358271
18714,5.6998715
18715,4.308555
18716,4.0813427
18717,5.7661138
18718,4.3966827
18719,5.0082746
18720,3.1352227
18721,4.00215
18722,2.9276276
18723,4.094947
18724,6.62328
18725,4.7460485
18726,3.8817527
18727,5.825109
18728,6.70051
18729,7.677652
18730,4.498416
18731,4.3568373
18732,4.0585437
18733,5.453146
18734,6.530677
18735,1.443753
18736,1.9648052
18737,2.421012
18738,3.8730695
18739,5.4286494
18740,5.546278
18741,2.7990885
18742,4.9097514
18743,2.8432276
18744,4.3746753
18745,2.3171482
18746,1.5028884
18747,2.3718433
18748,6.242612
18749,4.6553516
18750,2.0554538
18751,5.7899675
18752,1.6512778
18753,1.8608978
18754,1.5607955
18755,1.8705344
18756,4.3267436
18757,4.8208933
18758,1.787854
18759,4.0734215
18760,6.062524
18761,3.8648424
18762,6.422181
18763,2.7350352
18764,5.0297894
18765,2.2145722
18766,3.4831784
18767,4.7142897
18768,4.96767
18769,2.5158634
18770,8.330523
18771,5.376163
18772,4.0114594
18773,3.456161
18774,2.2116756
18775,0.4856156
18776,1.438085
18777,4.093919
18778,4.5850735
18779,4.1270027
18780,7.0040936
18781,6.026278
18782,2.8552508
18783,3.2227416
18784,-0.045804285
18785,2.506943
18786,3.9790804
18787,4.7264175
18788,4.216014
18789,6.440604
18790,3.4803178
18791,7.378483
18792,6.875794
18793,1.4047405
18794,5.576686
18795,5.7855415
18796,9.185696
18797,6.485533
18798,6.9316583
18799,3.0383608
18800,3.6677632
18801,3.9939737
18802,3.6424618
18803,5.3367443
18804,4.2515697
18805,3.5784476
18806,1.1892321
18807,1.6520085
18808,2.7722406
18809,2.214828
18810,3.0654953
18811,3.2789092
18812,0.8951422
18813,2.5504458
18814,1.8078678
18815,6.4172144
18816,7.266901
18817,2.4786057
18818,0.6975733
18819,4.9484825
18820,3.715384
18821,5.086624
18822,4.7166133
18823,4.669969
18824,7.256666
18825,4.829681
18826,4.4618487
18827,4.5808496
18828,4.062012
18829,1.3339559
18830,5.8022356
18831,3.5216577
18832,1.9529531
18833,5.3957677
18834,3.9382641
18835,5.936335
18836,4.2066717
18837,7.67523
18838,4.9184
18839,5.4533963
18840,7.0832834
18841,5.768811
18842,3.3712947
18843,7.2408237
18844,4.047181
18845,0.96200824
18846,2.7087152
18847,1.0216086
18848,3.1231565
18849,1.9520663
18850,2.4591165
18851,3.0569315
18852,2.9106326
18853,2.4175115
18854,-0.08734611
18855,2.2428281
18856,1.910299
18857,4.0018396
18858,1.6360689
18859,1.1751263
18860,1.7415615
18861,2.7560227
18862,2.3875444
18863,2.4648466
18864,2.2152762
18865,6.811803
18866,5.931767
18867,6.5906696
18868,3.2942004
18869,3.443918
18870,6.0985785
18871,2.7123313
18872,7.0286007
18873,8.563436
18874,6.6061654
18875,2.6962674
18876,4.893455
18877,6.810418
18878,5.3070016
18879,6.74451
18880,6.571893
18881,5.363848
18882,4.935388
18883,2.5623338
18884,4.996332
18885,4.7177367
18886,4.518827
18887,5.4223666
18888,6.8139443
18889,1.8960123
18890,2.4347582
18891,6.217391
18892,3.5557623
18893,3.8701308
18894,2.3899503
18895,-0.36789626
18896,4.2657704
18897,3.9696062
18898,2.531682
18899,0.726219
18900,4.192754
18901,3.0371208
18902,2.1179593
18903,3.1804268
18904,2.266984
18905,2.8056188
18906,0.21919528
18907,3.0580113
18908,-0.20064218
18909,2.4854746
18910,3.480887
18911,2.4576473
18912,5.4379125
18913,2.3471847
18914,1.0603616
18915,2.882472
18916,6.495943
18917,6.0070868
18918,5.9316587
18919,2.2582831
18920,8.014695
18921,5.6496325
18922,3.9062777
18923,6.671214
18924,4.880871
18925,6.0270634
18926,5.067848
18927,3.4853923
18928,3.824479
18929,1.8212826
18930,3.9738975
18931,4.514128
18932,4.5609837
18933,4.808788
18934,3.5935848
18935,4.8216
18936,7.1608367
18937,4.5868278
18938,8.7583
18939,2.9885104
18940,3.471
18941,3.2851393
18942,3.6368496
18943,3.071759
18944,3.4168558
18945,4.5960865
18946,1.0301775
18947,6.4547215
18948,6.8560877
18949,2.523353
18950,1.5455848
18951,5.42059
18952,7.1380024
18953,4.6523504
18954,3.9017134
18955,7.2750616
18956,5.522511
18957,3.1452768
18958,4.2675467
18959,2.903607
18960,5.90075
18961,4.5980926
18962,2.0602806
18963,3.557341
18964,2.4172165
18965,2.6938653
18966,4.5197325
18967,3.6671546
18968,5.8142743
18969,2.0673344
18970,2.5352027
18971,5.6981463
18972,5.471738
18973,6.458824
18974,4.82472
18975,4.7489843
18976,2.5881388
18977,4.4701276
18978,6.560556
18979,4.522956
18980,5.5696297
18981,7.2522483
18982,4.8085184
18983,3.5547853
18984,4.4241343
18985,5.68383
18986,6.2410593
18987,3.4545982
18988,5.159976
18989,6.918798
18990,4.89605
18991,1.5295073
18992,2.7422943
18993,4.4333434
18994,7.4463224
18995,4.801721
18996,6.98566
18997,5.336525
18998,7.441628
18999,5.4094667
19000,4.6930356
19001,0.06867615
19002,1.5540404
19003,3.5655959
19004,2.2513938
19005,1.4333686
19006,3.1825354
19007,2.541289
19008,0.9131884
19009,6.8469286
19010,5.1517262
19011,5.791489
19012,6.432748
19013,4.648461
19014,5.0782294
19015,2.8657448
19016,7.031203
19017,6.319595
19018,3.3848083
19019,5.9466076
19020,1.2083185
19021,3.6716022
19022,5.214589
19023,1.4655242
19024,5.943361
19025,2.0710943
19026,5.5930805
19027,2.2347217
19028,4.213301
19029,6.679098
19030,3.8576627
19031,2.0528681
19032,2.7103705
19033,5.7515783
19034,3.1563656
19035,2.9960387
19036,1.272603
19037,1.2526516
19038,2.6375995
19039,4.646654
19040,4.272045
19041,2.5456264
19042,2.9926333
19043,1.7789742
19044,3.158759
19045,4.3717923
19046,2.0974672
19047,4.9312906
19048,2.108637
19049,4.222974
19050,1.3024849
19051,3.5122201
19052,1.0906795
19053,1.6021401
19054,3.808089
19055,1.7403107
19056,1.1892092
19057,6.7876987
19058,6.455316
19059,7.2920713
19060,5.402955
19061,5.8654094
19062,5.2842464
19063,7.8409224
19064,7.307687
19065,3.7515602
19066,5.5096745
19067,4.5375657
19068,2.9986813
19069,4.736765
19070,2.768349
19071,3.229802
19072,5.44742
19073,1.3350115
19074,0.37739223
19075,7.1544347
19076,5.659728
19077,3.1522548
19078,1.3005308
19079,2.3861299
19080,2.31126
19081,3.6433668
19082,2.2952666
19083,5.189604
19084,3.5753279
19085,2.1720028
19086,2.9562056
19087,-0.27890486
19088,4.0285187
19089,1.5140691
19090,2.6047425
19091,2.7518926
19092,1.7353528
19093,0.41675067
19094,3.7879488
19095,3.4840753
19096,2.0368936
19097,0.49673322
19098,3.2423146
19099,2.4708617
19100,3.304582
19101,5.4158945
19102,1.2046822
19103,2.7132077
19104,2.7891097
19105,1.806952
19106,4.644994
19107,4.205858
19108,0.10765611
19109,2.5839002
19110,3.1048336
19111,2.1092577
19112,3.4766881
19113,2.8295822
19114,1.1132534
19115,0.6069893
19116,1.385249
19117,0.20932055
19118,4.407244
19119,2.9886405
19120,2.6633787
19121,1.9416714
19122,0.29799137
19123,1.3324366
19124,3.8776593
19125,3.251246
19126,2.9198594
19127,1.9695427
19128,2.0832205
19129,2.5618155
19130,3.3885276
19131,1.1842667
19132,0.91921365
19133,3.6466947
19134,2.60788
19135,5.313641
19136,5.897562
19137,2.93801
19138,2.8731866
19139,3.3652387
19140,2.8241556
19141,4.901032
19142,2.8369787
19143,3.6562705
19144,1.0734762
19145,7.0453377
19146,2.329253
19147,2.4483466
19148,5.067368
19149,4.2864575
19150,6.654383
19151,5.9200883
19152,3.0148222
19153,6.584273
19154,6.948782
19155,5.0287504
19156,5.402967
19157,6.528453
19158,4.1795254
19159,7.9824243
19160,6.3176384
19161,6.89284
19162,7.428445
19163,4.709182
19164,4.336994
19165,1.2995275
19166,2.1532748
19167,2.4291153
19168,2.435297
19169,3.627186
19170,5.5584707
19171,0.730762
19172,4.1949487
19173,4.540096
19174,6.3628774
19175,1.0519438
19176,7.9051394
19177,6.118232
19178,4.626299
19179,4.8940954
19180,5.968151
19181,3.4396584
19182,5.611845
19183,6.0805573
19184,2.1930478
19185,3.454181
19186,6.106355
19187,5.682526
19188,8.164852
19189,5.9896917
19190,5.7079506
19191,1.5909216
19192,5.058504
19193,4.0438056
19194,7.402875
19195,7.5434833
19196,3.717883
19197,6.080068
19198,6.060221
19199,7.5201893
19200,5.3050556
19201,7.104567
19202,6.7878056
19203,4.363599
19204,4.1456904
19205,6.5040727
19206,1.3258735
19207,3.0583355
19208,3.1341894
19209,4.364456
19210,3.6416643
19211,5.2789955
19212,1.687568
19213,3.4551187
19214,4.9828334
19215,3.9345856
19216,4.391959
19217,8.16248
19218,6.1452923
19219,3.7394533
19220,2.9961295
19221,4.6661057
19222,7.8429728
19223,4.992495
19224,8.076637
19225,7.406329
19226,6.154984
19227,5.645837
19228,3.324378
19229,2.5757494
19230,4.4728312
19231,2.0974548
19232,7.7431436
19233,7.7768254
19234,5.8882675
19235,1.5452842
19236,2.7217133
19237,1.7707485
19238,2.0334432
19239,3.6041727
19240,5.060115
19241,5.9278207
19242,1.7706647
19243,7.3488083
19244,2.8943512
19245,3.8303704
19246,3.6695719
19247,3.9308875
19248,3.1219134
19249,6.201175
19250,3.3589225
19251,0.7723406
19252,1.4125838
19253,5.434672
19254,3.4975367
19255,6.5644183
19256,5.068906
19257,0.24715751
19258,2.0331247
19259,7.881478
19260,6.334171
19261,5.8881774
19262,7.8790116
19263,0.3126184
19264,7.6115904
19265,5.8385854
19266,2.9585693
19267,3.9986186
19268,7.359421
19269,5.133706
19270,5.417635
19271,3.5022638
19272,6.0470223
19273,7.369606
19274,4.3697753
19275,5.5797167
19276,5.024575
19277,4.1432037
19278,2.8932283
19279,5.606301
19280,6.0326166
19281,4.8611417
19282,3.4174094
19283,7.2447248
19284,7.6314235
19285,5.4427347
19286,8.572579
19287,5.9875793
19288,4.782389
19289,4.7415886
19290,3.9094863
19291,8.135371
19292,8.504173
19293,6.52007
19294,4.3292212
19295,4.4917665
19296,3.973645
19297,3.987861
19298,3.2187536
19299,6.1796193
19300,5.770358
19301,2.29174
19302,2.5792418
19303,4.5711784
19304,7.556926
19305,3.9035609
19306,5.777236
19307,2.2260544
19308,5.9970512
19309,6.203557
19310,2.306792
19311,1.8911211
19312,4.4663134
19313,9.083145
19314,6.5750527
19315,4.692721
19316,5.0841956
19317,3.0258992
19318,3.9876678
19319,4.0423293
19320,4.7372756
19321,6.6763773
19322,6.2582874
19323,5.5583754
19324,1.4506493
19325,3.5732844
19326,4.2920265
19327,7.4327273
19328,5.918389
19329,4.353065
19330,3.462566
19331,3.4822464
19332,3.4550269
19333,4.0455527
19334,6.8712974
19335,6.030875
19336,4.313115
19337,2.2124846
19338,6.213006
19339,4.8609743
19340,3.924355
19341,6.3916483
19342,1.8804765
19343,1.4296513
19344,3.8209023
19345,1.3749735
19346,5.3906436
19347,3.0491714
19348,4.402655
19349,5.6976333
19350,3.7050083
19351,4.852605
19352,4.917284
19353,6.0296955
19354,8.016507
19355,6.040506
19356,6.6299906
19357,3.8625233
19358,6.2965946
19359,7.1157475
19360,5.120663
19361,2.3845286
19362,5.2498617
19363,5.544768
19364,5.819294
19365,4.562084
19366,4.118395
19367,1.7599975
19368,2.1662586
19369,6.018531
19370,5.195763
19371,6.407446
19372,5.4951167
19373,3.2825563
19374,5.054064
19375,3.7060878
19376,4.0144525
19377,8.19635
19378,3.8701944
19379,6.2537313
19380,3.5142274
19381,6.653813
19382,2.9095745
19383,4.656576
19384,3.0616686
19385,6.4444113
19386,4.878384
19387,7.2895703
19388,4.044208
19389,5.91465
19390,5.7762103
19391,6.003431
19392,7.1110954
19393,6.385566
19394,1.2414118
19395,3.4829578
19396,2.4297397
19397,3.9570868
19398,2.7487893
19399,7.4686337
19400,5.7250466
19401,4.201956
19402,3.9605436
19403,5.893387
19404,2.5709643
19405,4.782227
19406,4.0013685
19407,5.716723
19408,3.7641096
19409,3.5962915
19410,6.4424734
19411,6.9408765
19412,5.579009
19413,6.130317
19414,3.3849895
19415,3.1765208
19416,5.3004303
19417,4.0597715
19418,6.85365
19419,7.4906764
19420,7.223162
19421,6.135094
19422,6.68846
19423,2.5992947
19424,5.1652007
19425,2.3013556
19426,2.8401077
19427,3.8317826
19428,5.384076
19429,7.077557
19430,6.392042
19431,5.687192
19432,4.1940055
19433,5.2425003
19434,5.2815075
19435,5.8712263
19436,4.092144
19437,2.9480073
19438,5.406406
19439,6.7727
19440,3.1422763
19441,3.809725
19442,4.538015
19443,4.064975
19444,2.473801
19445,2.2691607
19446,5.858143
19447,7.870838
19448,7.7220335
19449,5.9876156
19450,6.8244023
19451,0.97483325
19452,5.75339
19453,4.5387783
19454,0.6329062
19455,4.3597927
19456,5.0777683
19457,5.123042
19458,3.222154
19459,3.4531956
19460,3.576429
19461,7.816562
19462,6.1204553
19463,4.2261195
19464,7.0000477
19465,6.9942646
19466,3.2358084
19467,7.308593
19468,2.675225
19469,4.0568647
19470,2.076563
19471,6.427592
19472,4.495702
19473,4.175261
19474,7.0045333
19475,7.768312
19476,3.3867488
19477,4.036481
19478,5.7371974
19479,5.5678053
19480,3.6898127
19481,5.969438
19482,3.127718
19483,6.738017
19484,7.429412
19485,5.951986
19486,8.605081
19487,3.9963126
19488,4.2598114
19489,4.5594277
19490,7.8122454
19491,4.4950824
19492,7.6119347
19493,7.2628713
19494,5.372619
19495,4.352314
19496,6.2720313
19497,7.8533225
19498,9.140629
19499,3.7975123
19500,4.46982
19501,7.0511384
19502,1.4199238
19503,2.1981404
19504,3.0968175
19505,4.855812
19506,9.390709
19507,3.262762
19508,2.1018581
19509,1.6081051
19510,4.921667
19511,6.534794
19512,6.0469575
19513,5.010526
19514,5.902177
19515,6.6886024
19516,6.430086
19517,2.5602763
19518,7.0779514
19519,7.007161
19520,7.2736845
19521,6.5325165
19522,5.2949724
19523,6.253125
19524,3.7734032
19525,3.365278
19526,6.6798124
19527,7.0889134
19528,6.82625
19529,6.124115
19530,5.6444745
19531,4.962419
19532,5.5960507
19533,4.169444
19534,8.952288
19535,3.3256037
19536,4.388832
19537,2.2829797
19538,2.8941865
19539,5.501594
19540,4.201992
19541,5.407951
19542,2.6058311
19543,1.0039712
19544,6.8979597
19545,3.3320355
19546,5.616869
19547,1.626137
19548,6.6605086
19549,5.6350965
19550,4.507792
19551,1.5979301
19552,5.7161355
19553,4.076498
19554,6.525175
19555,5.8207264
19556,5.6635365
19557,5.1175513
19558,0.84251964
19559,6.0088577
19560,4.9637713
19561,5.227288
19562,5.204552
19563,3.545802
19564,4.724335
19565,7.4232745
19566,6.5437083
19567,1.6405007
19568,4.269548
19569,2.8256736
19570,7.4743857
19571,6.027117
19572,2.4362118
19573,7.79379
19574,5.500044
19575,7.4705443
19576,5.2532187
19577,4.1541424
19578,3.936464
19579,1.6847292
19580,4.695479
19581,5.584949
19582,8.249319
19583,6.5850887
19584,3.9811542
19585,2.0487266
19586,3.378268
19587,7.252375
19588,7.6243873
19589,7.9285607
19590,6.4780135
19591,5.619094
19592,3.582319
19593,6.7412558
19594,6.8306394
19595,5.5665894
19596,2.5801077
19597,0.6192819
19598,4.965476
19599,4.8534513
19600,2.2996414
19601,7.669822
19602,2.715563
19603,8.934844
19604,3.0820444
19605,8.053248
19606,6.7983108
19607,8.780718
19608,6.217824
19609,7.3071837
19610,6.3993893
19611,2.1090133
19612,6.644336
19613,5.7447066
19614,4.1682463
19615,3.9633207
19616,6.682757
19617,6.9638557
19618,5.2703714
19619,7.639674
19620,3.5883887
19621,5.177567
19622,4.394465
19623,1.2158107
19624,4.5107436
19625,4.9174495
19626,6.267288
19627,4.0662446
19628,6.6027794
19629,4.271476
19630,4.720817
19631,6.6775904
19632,6.6385264
19633,2.9399042
19634,6.5091143
19635,4.4571753
19636,6.3840933
19637,6.9100823
19638,7.2692986
19639,7.1505227
19640,4.992535
19641,4.2258096
19642,6.745957
19643,3.9894874
19644,6.214678
19645,7.3098664
19646,7.0659723
19647,6.906017
19648,6.6073337
19649,2.5100033
19650,3.8935175
19651,1.9590582
19652,4.2042065
19653,4.5733433
19654,4.729252
19655,7.448217
19656,4.5810704
19657,4.9852304
19658,6.5329638
19659,1.7052894
19660,4.6268325
19661,7.250534
19662,7.896054
19663,5.306421
19664,5.523222
19665,7.7928286
19666,0.89433885
19667,6.352277
19668,4.2658687
19669,4.022499
19670,3.4359822
19671,5.6590652
19672,3.9839182
19673,4.9471126
19674,8.3326235
19675,5.4154663
19676,8.690874
19677,6.7917557
19678,5.250992
19679,3.1501453
19680,6.686125
19681,4.639594
19682,4.617534
19683,6.385044
19684,9.304132
19685,3.8949392
19686,5.0380507
19687,3.373015
19688,2.3678076
19689,7.289561
19690,8.33741
19691,6.044008
19692,5.020822
19693,7.0792484
19694,0.6992021
19695,6.0403557
19696,5.907273
19697,1.1259273
19698,7.111694
19699,6.944381
19700,5.929219
19701,2.897936
19702,2.2489083
19703,7.178953
19704,7.9571486
19705,6.641921
19706,7.759929
19707,8.128309
19708,3.7259355
19709,4.4778137
19710,5.7989106
19711,9.116651
19712,7.200839
19713,4.148649
19714,6.409601
19715,7.2185025
19716,2.5850549
19717,3.5528722
19718,3.887145
19719,4.022019
19720,6.541352
19721,7.4795165
19722,2.6315758
19723,0.9198376
19724,8.928148
19725,5.643275
19726,4.5959253
19727,2.7543352
19728,5.2926736
19729,2.245003
19730,5.1120872
19731,4.2031274
19732,5.8919544
19733,3.3746357
19734,1.8346993
19735,4.24429
19736,2.1918716
19737,7.550433
19738,1.9593112
19739,8.365834
19740,6.40188
19741,5.384996
19742,5.740068
19743,1.1726065
19744,7.918181
19745,3.0763848
19746,7.258819
19747,7.533356
19748,5.430571
19749,6.1592975
19750,7.0886745
19751,4.8998346
19752,5.304477
19753,6.9945145
19754,4.438034
19755,6.5420184
19756,5.037939
19757,5.8756547
19758,3.742561
19759,5.85794
19760,3.1562698
19761,1.1465027
19762,4.951986
19763,5.6645813
19764,4.859186
19765,5.237262
19766,5.3669534
19767,5.041923
19768,2.0014505
19769,6.9599915
19770,6.023
19771,5.590367
19772,3.6324642
19773,8.365634
19774,4.587466
19775,4.0641837
19776,2.669292
19777,5.6330323
19778,1.2406179
19779,2.691688
19780,7.074164
19781,6.134229
19782,7.8355136
19783,1.4832903
19784,4.2822633
19785,3.9965973
19786,4.305281
19787,7.247341
19788,2.9204216
19789,7.7201867
19790,3.396156
19791,8.718768
19792,4.3250823
19793,9.054569
19794,2.4684308
19795,4.211198
19796,7.599197
19797,4.8917274
19798,8.139414
19799,8.280364
19800,6.3554926
19801,6.741999
19802,1.8266244
19803,4.576175
19804,0.6780277
19805,3.644134
19806,5.655072
19807,5.3986216
19808,8.085316
19809,4.731631
19810,4.9510493
19811,2.869199
19812,4.9872727
19813,7.281841
19814,5.0768495
19815,5.6560354
19816,7.551045
19817,3.9302096
19818,3.0247886
19819,6.4174824
19820,4.483652
19821,3.3482082
19822,3.987711
19823,4.4091477
19824,6.091969
19825,5.058627
19826,4.7112956
19827,6.147409
19828,4.596301
19829,3.720012
19830,6.1384034
19831,5.908071
19832,6.205765
19833,1.7888736
19834,5.8371587
19835,2.6599007
19836,3.4989862
19837,7.468704
19838,6.7886167
19839,5.084787
19840,2.7588232
19841,4.8238535
19842,3.644165
19843,6.01682
19844,4.3632717
19845,2.5310528
19846,4.007351
19847,5.1413345
19848,6.93072
19849,6.691538
19850,5.788598
19851,7.3306336
19852,2.318075
19853,2.5104837
19854,4.388384
19855,4.8041754
19856,7.2615976
19857,3.9918153
19858,1.6776065
19859,5.833853
19860,4.781489
19861,1.7975361
19862,1.0710317
19863,6.378471
19864,8.089015
19865,9.161001
19866,6.1348104
19867,5.0431957
19868,8.039259
19869,4.977486
19870,4.92393
19871,2.4273953
19872,1.7040232
19873,4.71038
19874,8.207507
19875,7.717824
19876,3.581279
19877,4.720453
19878,4.3984737
19879,8.904377
19880,4.1233416
19881,6.0450587
19882,3.4963717
19883,6.672342
19884,0.8754223
19885,3.9435024
19886,4.295305
19887,0.93072486
19888,0.18736987
19889,4.4866405
19890,4.7721405
19891,1.6036994
19892,8.147685
19893,6.1508694
19894,5.73233
19895,6.3731084
19896,3.6304362
19897,2.7134266
19898,3.5335138
19899,5.0558677
19900,4.9522557
19901,3.4515054
19902,4.440709
19903,4.6779366
19904,6.482899
19905,6.2051415
19906,6.594361
19907,7.9833593
19908,3.9580894
19909,4.2613435
19910,2.1897063
19911,-0.039433293
19912,3.8745513
19913,5.0999045
19914,8.512233
19915,1.4043087
19916,6.2881136
19917,1.8218697
19918,8.140044
19919,5.341407
19920,5.8624716
19921,5.772968
19922,4.641269
19923,5.2272377
19924,4.0524325
19925,2.7384257
19926,4.4789314
19927,3.8021543
19928,2.0373147
19929,6.803436
19930,6.4740086
19931,2.3718362
19932,5.0827684
19933,1.5624436
19934,7.871253
19935,2.8964999
19936,6.9968963
19937,4.636118
19938,3.131795
19939,7.4657626
19940,1.7352303
19941,3.4495285
19942,4.278529
19943,4.8919744
19944,6.9665837
19945,1.4392006
19946,5.852748
19947,2.8971405
19948,3.0087094
19949,6.4917836
19950,5.0927663
19951,2.7472022
19952,4.127966
19953,6.5301228
19954,5.368762
19955,1.8802805
19956,4.910834
19957,4.0637555
19958,4.9489985
19959,8.362116
19960,7.978672
19961,7.3177905
19962,5.490569
19963,7.931823
19964,4.63995
19965,6.5922318
19966,1.0375015
19967,2.9075532
19968,2.3990064
19969,5.6945357
19970,3.0281913
19971,4.617505
19972,7.9396567
19973,4.545789
19974,2.2619896
19975,7.488111
19976,5.0847225
19977,4.6814585
19978,7.2632184
19979,1.7912823
19980,3.1556835
19981,5.0103645
19982,5.664091
19983,4.4988933
19984,9.225432
19985,6.307933
19986,2.8878565
19987,5.8405943
19988,6.63383
19989,3.922093
19990,0.4338257
19991,3.5990295
19992,6.833871
19993,6.0192046
19994,5.959847
19995,1.8086572
19996,7.0683646
19997,7.443508
19998,5.42137
19999,0.90124947
20000,5.865088
20001,8.348666
20002,6.6620803
20003,3.7627828
20004,3.5610878
20005,8.651903
20006,4.6526833
20007,6.910808
20008,4.458192
20009,3.0582283
20010,2.060923
20011,6.1083274
20012,5.334821
20013,5.6122684
20014,3.0982468
20015,3.539668
20016,5.4785404
20017,7.5824533
20018,5.1902685
20019,7.9718027
20020,1.964745
20021,2.1660106
20022,1.5756118
20023,6.540906
20024,3.0727575
20025,1.0303457
20026,4.7545195
20027,3.6400719
20028,5.2524285
20029,2.3145456
20030,4.2989726
20031,2.9964414
20032,4.863429
20033,7.170264
20034,3.2227666
20035,6.045138
20036,5.9232345
20037,2.1148112
20038,1.2482355
20039,3.8594077
20040,5.178718
20041,4.824535
20042,4.848507
20043,1.3185012
20044,3.6082058
20045,0.83046305
20046,4.5325184
20047,6.815523
20048,2.3069801
20049,3.682858
20050,7.7304606
20051,7.7651224
20052,3.5316563
20053,3.006436
20054,4.2916794
20055,4.5996094
20056,6.041154
20057,7.3918257
20058,6.1963315
20059,6.2699165
20060,1.335258
20061,2.52209
20062,4.30412
20063,5.839898
20064,6.046078
20065,6.6025915
20066,1.6343074
20067,6.295873
20068,5.8608375
20069,3.8328476
20070,6.615683
20071,5.038225
20072,3.9344168
20073,4.516413
20074,3.2990768
20075,8.303957
20076,3.736104
20077,1.4122394
20078,3.1461577
20079,2.5878544
20080,6.202699
20081,3.1343603
20082,0.92981637
20083,5.2468414
20084,6.636168
20085,2.2437115
20086,4.468538
20087,2.7902398
20088,6.141392
20089,5.9413347
20090,6.3090878
20091,3.3358202
20092,5.0845428
20093,5.3865333
20094,5.6714654
20095,2.4589715
20096,4.676152
20097,3.9336603
20098,4.524862
20099,2.5423849
20100,6.6984873
20101,8.273664
20102,2.8133438
20103,1.1918095
20104,4.483889
20105,6.7949424
20106,1.9427769
20107,4.4656763
20108,5.1650233
20109,4.974282
20110,2.6900868
20111,4.056603
20112,6.072264
20113,7.1825185
20114,6.716425
20115,3.8309274
20116,1.9481848
20117,3.5628088
20118,1.9820033
20119,6.229197
20120,8.399877
20121,6.3059535
20122,8.367023
20123,7.028516
20124,5.8353214
20125,3.6838999
20126,3.4721804
20127,5.032579
20128,5.048046
20129,3.2122848
20130,4.5945225
20131,3.5716102
20132,5.2314143
20133,2.3631866
20134,8.122697
20135,1.0345119
20136,2.2054472
20137,4.49673
20138,3.9451656
20139,5.1035814
20140,4.869103
20141,5.412362
20142,2.6767907
20143,8.044332
20144,6.8358817
20145,2.7339108
20146,3.505898
20147,1.948465
20148,4.7539067
20149,5.185854
20150,7.043767
20151,3.6827908
20152,3.076697
20153,5.4411287
20154,1.8975747
20155,4.3314533
20156,4.4709177
20157,4.6529584
20158,4.243954
20159,2.042467
20160,4.4739203
20161,5.902628
20162,1.4552279
20163,3.3386793
20164,4.6959753
20165,2.0680776
20166,7.3185177
20167,4.5653663
20168,5.6582737
20169,4.199615
20170,7.2077203
20171,6.6839066
20172,2.2898717
20173,4.1161284
20174,2.5202448
20175,4.6771264
20176,5.6753354
20177,8.911788
20178,4.6101775
20179,6.8026605
20180,8.278868
20181,7.5549273
20182,3.7588573
20183,5.041631
20184,4.5515947
20185,4.2322836
20186,8.321184
20187,3.0805178
20188,3.6163151
20189,7.413208
20190,4.9702487
20191,5.6389785
20192,3.5112789
20193,2.5682528
20194,4.6495037
20195,2.3799634
20196,1.5955088
20197,6.7643576
20198,4.8090887
20199,6.04685
20200,2.4185503
20201,1.1431371
20202,7.6190615
20203,5.19545
20204,4.6196094
20205,7.7520046
20206,3.1251352
20207,3.3863614
20208,3.7710657
20209,6.939956
20210,7.7806563
20211,3.4252248
20212,2.9949439
20213,5.101281
20214,1.204942
20215,5.670283
20216,1.9441396
20217,3.3298209
20218,7.979872
20219,4.7341065
20220,2.2664232
20221,7.5270514
20222,6.7717395
20223,6.91989
20224,4.615686
20225,5.031153
20226,3.975163
20227,8.963862
20228,3.5621963
20229,3.7968206
20230,3.7798872
20231,6.7903523
20232,4.6267705
20233,3.5365992
20234,7.020213
20235,6.223776
20236,5.8061795
20237,1.8814248
20238,2.7416863
20239,5.5500975
20240,1.3777833
20241,8.501587
20242,5.045903
20243,7.6044865
20244,4.8867936
20245,2.9500306
20246,5.707993
20247,7.370484
20248,3.1778882
20249,7.270672
20250,4.5900826
20251,1.0989872
20252,5.2922273
20253,4.4019647
20254,5.6269617
20255,0.22974724
20256,5.8603973
20257,7.455574
20258,3.6276371
20259,1.6554434
20260,7.239439
20261,2.4313002
20262,7.636714
20263,4.345319
20264,7.08817
20265,5.815003
20266,8.05814
20267,4.3730354
20268,5.352868
20269,1.9826015
20270,1.935956
20271,8.342296
20272,6.2805214
20273,4.290094
20274,2.54472
20275,7.530442
20276,5.8977094
20277,5.867661
20278,7.934259
20279,-0.30670488
20280,8.125946
20281,3.4330502
20282,3.570503
20283,5.3241134
20284,3.0155787
20285,7.6772637
20286,6.3999195
20287,4.460064
20288,0.35627347
20289,3.0653296
20290,4.935488
20291,7.978431
20292,1.8817481
20293,5.883491
20294,3.96762
20295,6.3005295
20296,4.3155828
20297,4.608292
20298,8.247671
20299,7.1861916
20300,2.519804
20301,8.702334
20302,5.6267385
20303,5.260471
20304,4.363725
20305,4.906113
20306,2.957941
20307,2.5618148
20308,5.722957
20309,3.4418929
20310,3.504655
20311,2.273096
20312,6.3055058
20313,5.353701
20314,4.082627
20315,1.9996415
20316,3.8044765
20317,1.4179105
20318,5.235287
20319,7.214475
20320,2.2122993
20321,7.79176
20322,4.8297977
20323,1.6510143
20324,2.4668145
20325,7.234648
20326,4.0578284
20327,4.0608616
20328,1.9049726
20329,2.7704048
20330,2.8182378
20331,2.0811083
20332,2.7984493
20333,6.012142
20334,6.8926134
20335,1.9740041
20336,7.4549394
20337,3.8071735
20338,5.4049387
20339,3.7131777
20340,5.87881
20341,7.8724446
20342,6.3923097
20343,4.9470873
20344,4.0666513
20345,5.84473
20346,3.8816943
20347,5.7171655
20348,6.0738916
20349,3.1940455
20350,1.6211307
20351,8.010063
20352,4.7041907
20353,5.571045
20354,1.0706016
20355,4.311607
20356,4.234055
20357,6.307133
20358,5.0445
20359,4.3609276
20360,4.1888914
20361,3.0072908
20362,8.538166
20363,3.6939774
20364,5.6046934
20365,3.531913
20366,2.8544414
20367,6.111668
20368,6.0239134
20369,2.108468
20370,6.572546
20371,3.0092928
20372,2.1698978
20373,7.660884
20374,3.5259159
20375,5.5370307
20376,3.3459456
20377,4.559462
20378,2.836117
20379,5.58795
20380,6.898473
20381,1.4683338
20382,5.099767
20383,7.485245
20384,8.204663
20385,7.2650056
20386,8.695367
20387,5.225246
20388,5.8287663
20389,3.4280784
20390,3.3693824
20391,6.535859
20392,2.6475272
20393,3.3586369
20394,6.7508645
20395,3.909147
20396,1.6577808
20397,6.1050944
20398,2.5513942
20399,8.141667
20400,5.7197657
20401,3.0904908
20402,2.6177933
20403,4.6554856
20404,1.2274745
20405,6.9112945
20406,6.7938685
20407,7.3030186
20408,5.616167
20409,5.999391
20410,3.8374732
20411,1.780733
20412,2.3000484
20413,3.0032773
20414,4.6215277
20415,7.7322135
20416,4.326259
20417,7.061052
20418,4.8046427
20419,5.979324
20420,6.958277
20421,5.561611
20422,8.189078
20423,4.8852515
20424,9.7452965
20425,8.526806
20426,4.624168
20427,7.9150105
20428,7.6517906
20429,3.213179
20430,5.464246
20431,1.8542097
20432,4.800308
20433,3.2246063
20434,4.5247393
20435,6.42706
20436,7.603863
20437,6.5961
20438,0.84684366
20439,2.8829443
20440,7.33887
20441,2.713804
20442,0.46537617
20443,5.6927323
20444,7.0830474
20445,6.662057
20446,4.4036903
20447,7.485208
20448,1.0496475
20449,2.563377
20450,4.7231207
20451,3.7639685
20452,5.4455495
20453,3.8976226
20454,6.9384475
20455,1.0058861
20456,1.8780084
20457,6.9044366
20458,5.345887
20459,2.503558
20460,4.5271754
20461,3.9206061
20462,5.420437
20463,6.4584537
20464,3.9829614
20465,7.229065
20466,0.26752633
20467,6.1682806
20468,3.1417482
20469,7.306391
20470,6.616203
20471,3.6389983
20472,6.662738
20473,8.410996
20474,6.897946
20475,7.339024
20476,6.085634
20477,5.714464
20478,4.688979
20479,4.8023596
20480,3.9528568
20481,6.493467
20482,1.1557047
20483,7.3272486
20484,7.5322447
20485,3.2029645
20486,1.9865485
20487,2.4315782
20488,4.860524
20489,4.2710238
20490,4.2191653
20491,2.6841362
20492,4.2647524
20493,3.1474204
20494,2.8967044
20495,2.9968543
20496,6.60898
20497,4.7473106
20498,6.598603
20499,4.7082095
20500,6.247154
20501,6.1616545
20502,5.8201556
20503,4.786283
20504,4.4524736
20505,4.6990933
20506,2.92483
20507,4.442974
20508,3.9532027
20509,5.9526095
20510,8.154878
20511,4.7155666
20512,8.107815
20513,7.8405833
20514,3.043637
20515,5.0430927
20516,1.9684395
20517,2.5197792
20518,4.028737
20519,5.6520715
20520,5.810921
20521,5.7410135
20522,2.90709
20523,4.476379
20524,1.0377
20525,5.310278
20526,7.5203204
20527,0.62160593
20528,3.7299945
20529,5.0911965
20530,2.403341
20531,4.867381
20532,5.3558297
20533,6.8755436
20534,5.4693666
20535,3.284336
20536,2.7060323
20537,3.4495695
20538,7.5824695
20539,3.7615025
20540,8.258517
20541,6.4200573
20542,3.2557368
20543,6.953186
20544,7.017941
20545,1.2963169
20546,6.086603
20547,7.6798196
20548,4.891133
20549,3.4211128
20550,6.362043
20551,7.085558
20552,5.156343
20553,3.7706835
20554,7.6424093
20555,9.456474
20556,3.0584526
20557,4.9163227
20558,4.177629
20559,3.0731294
20560,7.830221
20561,4.1472774
20562,3.7073593
20563,6.2945046
20564,4.959154
20565,7.010331
20566,4.1281652
20567,3.4061792
20568,3.554139
20569,9.693002
20570,4.8338027
20571,2.130555
20572,2.874172
20573,6.749309
20574,4.9352093
20575,7.1077814
20576,5.4061723
20577,1.890355
20578,5.1049895
20579,5.317834
20580,2.5055885
20581,7.8012166
20582,3.9114738
20583,5.820802
20584,4.0087996
20585,4.9198637
20586,8.822504
20587,5.423614
20588,6.652713
20589,3.0324187
20590,3.1097934
20591,4.7879744
20592,4.2101526
20593,3.6495488
20594,4.288606
20595,6.095184
20596,4.1342106
20597,8.085231
20598,5.1676326
20599,7.332981
20600,2.4693782
20601,5.36831
20602,1.6697462
20603,5.816186
20604,2.8071463
20605,2.5886989
20606,3.296932
20607,3.938713
20608,3.9804761
20609,5.645991
20610,8.177107
20611,5.497298
20612,5.869681
20613,7.9346986
20614,8.741773
20615,8.954222
20616,5.748814
20617,7.8346076
20618,3.449679
20619,1.6467292
20620,4.3528595
20621,4.348796
20622,3.6695542
20623,6.346406
20624,5.360954
20625,4.329806
20626,0.9499123
20627,0.46125707
20628,2.433043
20629,8.43144
20630,9.227285
20631,7.825521
20632,4.36408
20633,6.4882927
20634,3.9783974
20635,5.2145944
20636,5.7535644
20637,4.443651
20638,7.757934
20639,8.00005
20640,7.0044136
20641,6.4407897
20642,0.5411985
20643,6.5042915
20644,0.017490672
20645,2.0503387
20646,2.2339997
20647,8.316417
20648,4.1225815
20649,7.1700525
20650,3.387309
20651,8.410874
20652,7.1388855
20653,4.979775
20654,6.0048165
20655,8.023923
20656,1.6856172
20657,4.069171
20658,2.2121043
20659,6.0448146
20660,4.184122
20661,0.694665
20662,8.380481
20663,7.021217
20664,8.573921
20665,5.4669414
20666,7.912541
20667,5.099414
20668,7.460185
20669,1.591051
20670,6.5347586
20671,4.46011
20672,0.8410859
20673,3.9958181
20674,2.7097588
20675,2.3642113
20676,6.409256
20677,6.2323527
20678,1.6344743
20679,0.9946673
20680,1.4259276
20681,1.5980834
20682,1.3762866
20683,2.4752634
20684,3.9536042
20685,5.4950213
20686,6.2326303
20687,1.3185252
20688,6.3116674
20689,4.142965
20690,5.907755
20691,2.4458573
20692,3.651883
20693,3.1070507
20694,5.491544
20695,5.475952
20696,4.251144
20697,8.972625
20698,6.201182
20699,1.7367421
20700,7.0532217
20701,2.721179
20702,6.6965322
20703,1.6563048
20704,4.7730565
20705,5.1531725
20706,2.8325968
20707,6.864466
20708,2.982211
20709,9.181513
20710,4.137498
20711,4.4261527
20712,3.4584353
20713,2.4830883
20714,6.056652
20715,7.6056066
20716,6.2950034
20717,4.169198
20718,8.567938
20719,3.7762382
20720,5.71367
20721,8.864304
20722,4.4873977
20723,6.9343805
20724,1.941388
20725,3.75077
20726,6.319243
20727,8.415827
20728,3.6386313
20729,4.120362
20730,7.4468117
20731,2.2153723
20732,1.6944267
20733,6.701152
20734,0.5461992
20735,6.2761664
20736,6.9632907
20737,4.4598927
20738,6.797013
20739,2.20229
20740,6.1066203
20741,5.5355678
20742,6.775621
20743,6.591289
20744,1.7219197
20745,4.851595
20746,4.629494
20747,3.5669487
20748,3.6342301
20749,4.2558303
20750,5.93471
20751,8.318247
20752,1.4387842
20753,5.735387
20754,7.830828
20755,3.7726634
20756,5.977853
20757,7.3232417
20758,4.797499
20759,7.7234106
20760,4.4754333
20761,5.5416317
20762,2.3842812
20763,2.7323906
20764,6.805975
20765,6.865076
20766,4.134955
20767,6.8864193
20768,7.2666726
20769,3.918437
20770,4.625709
20771,8.041665
20772,2.2265732
20773,2.8050983
20774,5.7486467
20775,4.5087214
20776,4.1878624
20777,5.290175
20778,9.045733
20779,4.2236032
20780,0.47810075
20781,2.4451196
20782,4.9170246
20783,6.2844124
20784,6.56024
20785,8.504152
20786,4.347065
20787,5.9396853
20788,7.443267
20789,5.5222435
20790,3.8145125
20791,4.9906964
20792,4.9125795
20793,2.9588664
20794,4.8288355
20795,6.607872
20796,7.0390477
20797,6.898571
20798,5.0435805
20799,2.9382553
20800,5.436609
20801,3.2978544
20802,5.508707
20803,3.9684885
20804,3.2695162
20805,7.676091
20806,5.604735
20807,7.730106
20808,3.360054
20809,5.4173074
20810,5.4186716
20811,8.368711
20812,8.385171
20813,4.8884807
20814,5.0429444
20815,2.4112802
20816,3.8411274
20817,6.7885513
20818,6.8420196
20819,8.821009
20820,4.4304886
20821,2.8817716
20822,4.140673
20823,5.7247562
20824,5.6843643
20825,2.8537986
20826,5.884711
20827,6.876729
20828,7.7315884
20829,6.202912
20830,3.669755
20831,6.703786
20832,5.7707334
20833,5.5972347
20834,2.6626706
20835,6.6448355
20836,4.7328916
20837,6.473776
20838,3.597977
20839,6.2310653
20840,2.9210622
20841,4.9497776
20842,6.7288585
20843,7.863728
20844,3.5368497
20845,5.1425247
20846,6.5974393
20847,4.469355
20848,2.855282
20849,6.718454
20850,3.485795
20851,5.3748746
20852,5.4457774
20853,7.529672
20854,3.9082773
20855,5.708644
20856,1.7083162
20857,0.12158375
20858,7.21662
20859,3.9458687
20860,6.84128
20861,5.944366
20862,3.9667506
20863,8.037829
20864,6.5608754
20865,6.591839
20866,4.1091805
20867,5.540854
20868,3.8112721
20869,6.420221
20870,6.4228144
20871,4.4872584
20872,4.42199
20873,6.0904
20874,6.162693
20875,4.770521
20876,3.5437133
20877,2.103421
20878,2.1825063
20879,4.331039
20880,5.8536773
20881,3.1560755
20882,4.531193
20883,5.7906213
20884,2.2700531
20885,6.8804336
20886,2.6163266
20887,0.9802538
20888,8.334106
20889,4.915814
20890,5.0474215
20891,3.771021
20892,6.1023903
20893,5.0053363
20894,5.979128
20895,9.023714
20896,6.0488343
20897,4.6437974
20898,4.826576
20899,3.948668
20900,-0.11773566
20901,7.1243196
20902,5.71284
20903,6.543681
20904,6.897055
20905,5.80349
20906,5.6175003
20907,6.708041
20908,7.181165
20909,1.9492998
20910,4.7899785
20911,7.543252
20912,4.3584814
20913,3.2132087
20914,8.361769
20915,7.3939104
20916,4.227563
20917,4.5021524
20918,2.8303568
20919,5.805222
20920,6.828274
20921,4.0966125
20922,3.3951552
20923,3.2342417
20924,7.137039
20925,2.8816004
20926,7.9387655
20927,7.8940506
20928,5.708006
20929,6.8984165
20930,5.696386
20931,4.8026533
20932,5.7403445
20933,7.8184934
20934,8.106433
20935,2.3752084
20936,6.1560235
20937,4.158432
20938,5.908325
20939,7.078741
20940,5.1987433
20941,5.1482754
20942,6.5914416
20943,3.9003277
20944,7.4461184
20945,3.0154896
20946,7.264527
20947,3.5335734
20948,4.935753
20949,4.210228
20950,5.5805426
20951,1.3002365
20952,5.8127074
20953,6.2471437
20954,5.1283174
20955,7.1508603
20956,4.7400146
20957,5.1004553
20958,3.2241983
20959,6.296261
20960,4.365341
20961,6.2058077
20962,4.2221394
20963,6.430178
20964,5.157584
20965,3.861631
20966,6.661344
20967,2.990481
20968,2.1148787
20969,5.4268417
20970,4.949624
20971,5.8779054
20972,3.0539484
20973,5.226058
20974,0.50899035
20975,5.138361
20976,3.6075015
20977,2.0122104
20978,3.6437454
20979,6.541539
20980,5.352564
20981,2.3243227
20982,2.3727207
20983,6.316335
20984,3.5302052
20985,6.092831
20986,2.230717
20987,5.1040072
20988,4.730061
20989,2.6839116
20990,2.8705893
20991,5.593909
20992,6.969246
20993,7.891023
20994,3.3073783
20995,8.331617
20996,1.5959889
20997,6.3235016
20998,6.1619983
20999,3.2876503
21000,7.2396045
21001,1.1401399
21002,6.864134
21003,5.6193814
21004,6.6733894
21005,5.209909
21006,6.0021706
21007,2.8063514
21008,5.535707
21009,4.819158
21010,5.7609744
21011,7.2399306
21012,1.8963637
21013,7.600492
21014,6.3477836
21015,4.5246344
21016,7.3077354
21017,6.9050975
21018,5.5388074
21019,5.446165
21020,3.1323307
21021,3.9294136
21022,7.0150104
21023,7.1782436
21024,3.4686837
21025,6.039858
21026,7.123862
21027,5.073239
21028,4.26211
21029,6.547056
21030,4.3643723
21031,7.1542068
21032,8.495474
21033,6.8109355
21034,3.0627387
21035,3.9615483
21036,2.1852605
21037,2.2389505
21038,3.2986722
21039,6.337738
21040,4.5664606
21041,6.1357903
21042,4.509507
21043,6.274687
21044,6.901514
21045,5.7823806
21046,4.468905
21047,4.146442
21048,3.459325
21049,4.134392
21050,4.1766157
21051,3.8274655
21052,3.5110567
21053,3.7126536
21054,3.2415724
21055,6.970947
21056,3.9566524
21057,0.66835326
21058,5.6921544
21059,6.4620743
21060,3.7556136
21061,9.773403
21062,5.0243306
21063,4.584695
21064,8.619397
21065,6.2113357
21066,4.111685
21067,2.0378838
21068,5.261489
21069,5.079631
21070,1.5492142
21071,5.0747886
21072,2.375778
21073,6.5906467
21074,3.5856118
21075,5.8431673
21076,3.715751
21077,7.5894732
21078,6.721977
21079,7.724181
21080,6.853113
21081,6.1073737
21082,5.6321216
21083,5.54805
21084,2.4495702
21085,7.0319414
21086,7.314498
21087,7.8280454
21088,3.096872
21089,6.660956
21090,3.6640043
21091,1.3258411
21092,6.0659947
21093,7.9018736
21094,6.641005
21095,6.7102885
21096,8.749183
21097,5.4476185
21098,4.287141
21099,6.2804046
21100,6.9874754
21101,2.6387587
21102,2.9311714
21103,8.354595
21104,1.0908134
21105,7.831275
21106,3.6799161
21107,8.440403
21108,6.1204176
21109,1.6927222
21110,2.9350302
21111,7.303557
21112,1.8886986
21113,2.538335
21114,5.0724993
21115,6.913753
21116,5.323622
21117,3.6304376
21118,5.531744
21119,7.211698
21120,6.148814
21121,4.3048058
21122,7.4771304
21123,4.872518
21124,2.9604418
21125,8.39097
21126,2.9197428
21127,1.38701
21128,0.12345006
21129,8.552551
21130,6.6275325
21131,4.058518
21132,8.32642
21133,7.2895455
21134,2.0701866
21135,4.9599586
21136,2.6810267
21137,6.2872705
21138,5.009922
21139,8.942274
21140,6.715026
21141,5.0491886
21142,2.899333
21143,3.3166585
21144,3.685547
21145,7.040173
21146,7.032895
21147,1.9693936
21148,4.936377
21149,2.5783722
21150,6.5413575
21151,5.7466965
21152,2.4119291
21153,5.602738
21154,4.477089
21155,6.438274
21156,6.2490644
21157,3.731087
21158,7.1347094
21159,2.4781888
21160,1.8062805
21161,4.4652004
21162,7.709188
21163,2.745154
21164,4.708897
21165,2.1500146
21166,7.9425807
21167,5.6368246
21168,2.3910046
21169,4.2597604
21170,4.3273826
21171,7.304182
21172,5.175007
21173,4.9558635
21174,6.0210958
21175,5.1188865
21176,4.3300967
21177,8.378204
21178,5.004388
21179,7.084886
21180,4.8076873
21181,1.7935011
21182,5.3449697
21183,5.372497
21184,4.3597054
21185,2.1066406
21186,5.298846
21187,4.3662167
21188,1.3106861
21189,5.174019
21190,8.076185
21191,3.303354
21192,4.063169
21193,8.49675
21194,4.955817
21195,4.158253
21196,2.3729494
21197,1.5776083
21198,7.7679768
21199,4.4420223
21200,5.495669
21201,5.90182
21202,1.3760269
21203,4.349375
21204,6.0943017
21205,6.715634
21206,1.8624266
21207,0.6244388
21208,8.318065
21209,4.657329
21210,5.420727
21211,0.050001577
21212,4.1869483
21213,8.2072315
21214,1.6734267
21215,7.4240875
21216,3.316319
21217,7.262093
21218,4.133891
21219,3.325288
21220,7.509
21221,4.63953
21222,2.9044788
21223,7.307751
21224,7.866447
21225,4.0698876
21226,5.6789145
21227,5.903876
21228,6.5200505
21229,4.6844153
21230,2.0837688
21231,3.1978934
21232,2.1247342
21233,2.4290388
21234,3.2543364
21235,4.743838
21236,5.7235312
21237,7.9539633
21238,3.1949599
21239,7.3252926
21240,4.492381
21241,4.491144
21242,4.830109
21243,1.6561021
21244,4.9015155
21245,4.378888
21246,2.5510488
21247,5.2297425
21248,1.9533862
21249,5.1611695
21250,2.003644
21251,6.201701
21252,6.0951242
21253,5.933378
21254,5.6297565
21255,4.95596
21256,6.418496
21257,5.836304
21258,6.8880095
21259,5.1916604
21260,2.6016521
21261,6.9537406
21262,4.2302475
21263,5.1284704
21264,4.7843995
21265,3.4246047
21266,3.54528
21267,5.1369066
21268,1.8798919
21269,5.6095843
21270,6.276959
21271,0.3311955
21272,6.053887
21273,7.272496
21274,1.8149064
21275,6.1023173
21276,6.345243
21277,4.789955
21278,1.9411781
21279,3.9508774
21280,5.1180334
21281,9.371078
21282,6.5736284
21283,-0.21121342
21284,4.197984
21285,6.584956
21286,8.458854
21287,0.9713806
21288,7.836507
21289,5.6268015
21290,3.9157798
21291,5.710807
21292,3.1074486
21293,2.9869611
21294,6.1039486
21295,4.135299
21296,3.562386
21297,2.1236
21298,7.705236
21299,5.1584387
21300,6.846532
21301,6.2890954
21302,6.47503
21303,6.9070096
21304,6.449561
21305,5.7859683
21306,5.1896906
21307,7.2922344
21308,5.5239396
21309,7.028428
21310,-0.64883155
21311,4.393715
21312,5.655578
21313,-0.28196663
21314,7.026707
21315,2.1818264
21316,3.9035096
21317,7.0007463
21318,3.8457205
21319,4.5385466
21320,5.1909842
21321,9.079391
21322,4.056293
21323,1.383422
21324,7.284889
21325,9.2383995
21326,1.8551235
21327,8.574937
21328,4.3455315
21329,3.393516
21330,5.302902
21331,4.892642
21332,8.941761
21333,7.160325
21334,5.1556473
21335,7.0721755
21336,3.3263414
21337,7.482274
21338,4.8977456
21339,3.7107818
21340,1.6474543
21341,6.251095
21342,5.8294115
21343,6.6354566
21344,4.1709514
21345,8.238099
21346,5.2453585
21347,3.584811
21348,2.1164532
21349,1.213636
21350,7.8216443
21351,3.4289634
21352,4.3339534
21353,5.9854016
21354,3.768829
21355,1.2927637
21356,6.641562
21357,8.0317135
21358,7.3217664
21359,5.005474
21360,3.0117943
21361,5.5739307
21362,2.8830407
21363,5.1385393
21364,2.7245657
21365,2.7546844
21366,2.8375149
21367,0.6991601
21368,5.457393
21369,5.658598
21370,5.3118067
21371,1.732893
21372,4.6796675
21373,4.018726
21374,5.891939
21375,5.934221
21376,5.819773
21377,2.2486484
21378,2.2787895
21379,2.7367933
21380,0.71761113
21381,6.135109
21382,4.503158
21383,4.6549945
21384,5.7233715
21385,3.4736152
21386,2.154234
21387,6.6400523
21388,5.1451397
21389,4.6412616
21390,6.6879597
21391,0.50164545
21392,8.002609
21393,8.271887
21394,6.2380505
21395,2.7372823
21396,2.0338676
21397,4.6965904
21398,7.58799
21399,1.7202228
21400,0.47400147
21401,7.047304
21402,2.706546
21403,5.456996
21404,3.986762
21405,4.337768
21406,4.055934
21407,3.671933
21408,2.4236002
21409,1.065214
21410,4.1183767
21411,0.795808
21412,4.531984
21413,2.30631
21414,7.6532645
21415,5.494539
21416,6.6087756
21417,4.894307
21418,4.7864466
21419,2.606363
21420,5.377461
21421,3.45159
21422,4.262571
21423,4.9997945
21424,5.8178873
21425,1.9499868
21426,4.1677537
21427,6.6714516
21428,7.0227427
21429,5.144929
21430,0.83786976
21431,3.651215
21432,5.1257005
21433,4.189292
21434,0.8641577
21435,2.7720945
21436,4.965746
21437,4.460105
21438,6.0285525
21439,4.7315664
21440,4.98138
21441,1.7158937
21442,2.3627517
21443,4.666042
21444,7.2384777
21445,4.9516397
21446,3.6057086
21447,3.5432017
21448,5.269811
21449,3.863745
21450,4.3649344
21451,2.3211496
21452,4.1235023
21453,5.3868856
21454,4.316403
21455,6.968183
21456,1.969826
21457,3.6956651
21458,3.8363094
21459,6.9623623
21460,2.642093
21461,6.4159484
21462,4.0363464
21463,4.35681
21464,4.970495
21465,1.5681956
21466,4.7388954
21467,5.938938
21468,4.1369295
21469,1.2525781
21470,8.498799
21471,5.2855225
21472,4.5039616
21473,2.2111158
21474,5.4628177
21475,6.543085
21476,3.3768134
21477,6.2489395
21478,4.217852
21479,5.7801495
21480,4.364632
21481,2.6510143
21482,5.374053
21483,2.5906558
21484,4.2496114
21485,2.2467957
21486,5.4035444
21487,6.3119926
21488,1.420566
21489,3.092639
21490,1.1801708
21491,5.4008107
21492,0.25238228
21493,6.327429
21494,1.8938967
21495,2.8181825
21496,1.4650311
21497,4.9775224
21498,3.9759667
21499,2.6280613
21500,5.1819887
21501,3.3095076
21502,5.7831926
21503,5.429071
21504,6.631433
21505,4.4704914
21506,5.329984
21507,2.864387
21508,3.4800208
21509,7.364859
21510,6.126455
21511,4.1299114
21512,7.6084905
21513,5.0045586
21514,1.4759512
21515,4.048456
21516,4.014358
21517,6.621425
21518,1.6256229
21519,7.8289833
21520,7.6961694
21521,5.0498824
21522,4.9404798
21523,8.622285
21524,2.7472677
21525,3.1769042
21526,4.6051497
21527,1.60417
21528,2.8829005
21529,5.2043514
21530,3.1422782
21531,3.635315
21532,5.9848127
21533,3.6468263
21534,5.8651433
21535,3.4812047
21536,5.3208065
21537,5.7121053
21538,5.9584184
21539,5.2961025
21540,2.8831968
21541,4.8562016
21542,7.150103
21543,7.386768
21544,5.3609896
21545,3.0693264
21546,5.1262655
21547,5.82927
21548,4.9815063
21549,7.300498
21550,5.381432
21551,5.4586587
21552,6.7112126
21553,5.2766147
21554,6.0542502
21555,7.8486342
21556,4.9895816
21557,2.1674578
21558,3.748464
21559,2.7346284
21560,4.2334247
21561,0.2690697
21562,3.5970376
21563,6.949495
21564,2.8442872
21565,7.009286
21566,2.5331357
21567,3.6022277
21568,4.075303
21569,1.4027479
21570,6.720782
21571,3.9919739
21572,1.7000656
21573,5.39482
21574,6.1779604
21575,5.3878174
21576,4.988359
21577,7.951669
21578,6.0992007
21579,4.8001842
21580,4.11875
21581,6.668979
21582,6.2380342
21583,6.255137
21584,7.6087646
21585,3.6494188
21586,5.8973083
21587,3.2833776
21588,3.5723507
21589,1.3973165
21590,3.1718557
21591,2.3306637
21592,2.5044599
21593,4.2893896
21594,7.306899
21595,3.5502808
21596,2.0125527
21597,5.815767
21598,3.2699537
21599,6.5323257
21600,4.561643
21601,3.3161051
21602,1.8721924
21603,2.5335886
21604,1.3719912
21605,6.1106825
21606,4.603462
21607,1.2639091
21608,2.4015422
21609,4.715583
21610,4.958825
21611,2.0333009
21612,3.4850976
21613,3.6835318
21614,3.5428357
21615,2.8334742
21616,3.017011
21617,2.9730635
21618,2.5486538
21619,4.7973757
21620,5.380449
21621,5.156621
21622,2.9432464
21623,5.778442
21624,8.3977375
21625,2.9274569
21626,1.9580197
21627,1.540319
21628,2.7483687
21629,3.2974238
21630,0.64277107
21631,2.3409457
21632,5.3706713
21633,4.1632338
21634,7.681176
21635,5.6192865
21636,2.0831623
21637,6.7890124
21638,2.0390232
21639,4.298133
21640,3.1869738
21641,1.0062718
21642,5.655955
21643,3.9771113
21644,1.8505433
21645,5.4054484
21646,7.608208
21647,9.409702
21648,7.118623
21649,4.6574244
21650,6.9489174
21651,3.3753786
21652,3.9272509
21653,3.8311355
21654,4.105263
21655,2.7996807
21656,5.923561
21657,6.823214
21658,6.493946
21659,2.257893
21660,2.168177
21661,7.3764286
21662,3.88301
21663,2.4884174
21664,6.1462727
21665,4.9768434
21666,5.347943
21667,5.9299574
21668,3.1587336
21669,5.8728256
21670,5.4356637
21671,4.57421
21672,6.9443145
21673,3.6986885
21674,6.030982
21675,7.2888727
21676,8.164532
21677,5.9502053
21678,5.367949
21679,3.3271465
21680,6.67352
21681,5.2846937
21682,2.8084536
21683,1.9630866
21684,7.972569
21685,2.3351638
21686,4.6979213
21687,2.3404846
21688,6.198109
21689,4.735871
21690,3.8525674
21691,4.8740644
21692,4.8933535
21693,4.459667
21694,2.7426925
21695,7.0679803
21696,4.3967843
21697,5.903759
21698,5.364866
21699,4.1672072
21700,5.251179
21701,4.4826975
21702,5.339239
21703,7.357461
21704,4.0379863
21705,2.8205109
21706,4.851797
21707,1.4026083
21708,4.18063
21709,0.5575001
21710,2.8081617
21711,8.121725
21712,6.318488
21713,3.071582
21714,3.1236398
21715,6.9032373
21716,0.88377094
21717,3.6019926
21718,4.7600327
21719,5.0014796
21720,5.008369
21721,8.047673
21722,1.861568
21723,3.5424604
21724,7.2111073
21725,5.0317397
21726,1.3424231
21727,5.775135
21728,3.1076186
21729,5.0606904
21730,5.284973
21731,3.598789
21732,3.2805119
21733,3.0312183
21734,6.017322
21735,3.3057702
21736,2.4343157
21737,8.322103
21738,4.7062726
21739,5.2586327
21740,2.811502
21741,5.547133
21742,2.4936662
21743,5.3568616
21744,4.3956227
21745,5.1556826
21746,2.2465348
21747,7.6126423
21748,3.7344327
21749,7.2445803
21750,1.1524572
21751,2.9959986
21752,3.1433163
21753,7.1777987
21754,3.6695762
21755,5.83482
21756,7.9103794
21757,2.7114499
21758,5.057666
21759,2.5731068
21760,3.6916099
21761,6.6189265
21762,1.0546931
21763,6.2267275
21764,4.5656567
21765,5.0643015
21766,3.7656336
21767,4.911715
21768,4.010713
21769,2.657539
21770,4.80487
21771,7.874351
21772,5.1194205
21773,4.4180202
21774,2.535396
21775,2.176973
21776,6.607164
21777,2.0540283
21778,3.7825687
21779,5.1090684
21780,5.206283
21781,8.457375
21782,8.800528
21783,5.3494706
21784,4.6512184
21785,7.4849105
21786,6.1038957
21787,2.2809134
21788,2.0763319
21789,7.2540827
21790,3.2439795
21791,3.538204
21792,5.160993
21793,2.2154868
21794,4.75127
21795,5.8162165
21796,5.0966806
21797,5.985821
21798,2.2767682
21799,6.646712
21800,3.9454606
21801,4.230225
21802,5.5388765
21803,1.772732
21804,6.0044465
21805,2.606663
21806,4.2734203
21807,2.755081
21808,2.9271603
21809,2.7062435
21810,5.548914
21811,6.292389
21812,4.9186406
21813,7.217248
21814,5.401841
21815,6.466292
21816,0.8315185
21817,6.5114093
21818,5.820557
21819,6.21229
21820,3.3607106
21821,2.2273772
21822,3.4871314
21823,7.1094184
21824,6.0135717
21825,6.964025
21826,3.9049106
21827,7.5725474
21828,2.0147803
21829,2.1895843
21830,7.415747
21831,3.5864487
21832,1.5634495
21833,1.3924154
21834,5.1043787
21835,5.8622346
21836,2.0527627
21837,5.606708
21838,1.8220379
21839,2.585334
21840,4.768709
21841,4.5513372
21842,1.930734
21843,3.8322978
21844,1.5823681
21845,6.215428
21846,4.4291253
21847,4.756408
21848,8.370312
21849,5.794289
21850,2.0725653
21851,2.252565
21852,2.542219
21853,3.3692324
21854,6.01364
21855,3.3441575
21856,5.489605
21857,2.0451906
21858,4.1860805
21859,3.2217124
21860,5.441694
21861,6.560778
21862,6.940528
21863,6.782098
21864,4.880328
21865,6.765573
21866,7.3721304
21867,4.409153
21868,1.0563456
21869,1.9857752
21870,3.1816888
21871,7.266266
21872,2.6228867
21873,4.2226887
21874,6.8536005
21875,2.615873
21876,1.5168189
21877,4.7415433
21878,4.8489814
21879,1.3386589
21880,2.982144
21881,6.4578743
21882,5.5738773
21883,6.3690314
21884,4.591775
21885,2.2264526
21886,5.203309
21887,7.4607534
21888,4.783585
21889,8.221601
21890,-0.51867604
21891,2.7430239
21892,7.1516037
21893,7.3923926
21894,0.69605726
21895,6.406156
21896,4.767249
21897,5.2667637
21898,3.3648314
21899,8.055327
21900,6.3830996
21901,3.2810993
21902,4.2557597
21903,6.2202477
21904,4.924853
21905,5.0825076
21906,4.299845
21907,6.7669816
21908,4.6740556
21909,3.9182847
21910,4.757225
21911,3.3007658
21912,4.293773
21913,2.125549
21914,5.9765058
21915,5.8792553
21916,2.973759
21917,3.5920238
21918,8.359326
21919,7.3537946
21920,7.5900693
21921,3.3295045
21922,7.3720207
21923,7.943762
21924,8.116112
21925,3.0445094
21926,4.1370015
21927,2.0430582
21928,1.5756022
21929,1.719193
21930,5.365148
21931,6.0109625
21932,3.6113405
21933,6.66368
21934,2.2804613
21935,3.5888782
21936,8.149966
21937,1.8366393
21938,6.2382903
21939,6.015811
21940,2.512431
21941,6.764216
21942,7.713756
21943,5.6959023
21944,5.154466
21945,1.3555453
21946,3.4528348
21947,3.4383452
21948,5.2585506
21949,3.6256914
21950,1.3451431
21951,6.079236
21952,8.109407
21953,3.9845746
21954,3.1162577
21955,2.4858103
21956,4.8271556
21957,1.0122756
21958,2.2623065
21959,3.778213
21960,2.931738
21961,1.4634688
21962,3.786985
21963,2.1614335
21964,4.1340213
21965,3.4849076
21966,1.7846873
21967,3.3135078
21968,5.986243
21969,3.7849329
21970,4.781325
21971,2.6755095
21972,5.082441
21973,7.4649544
21974,6.974279
21975,1.8584965
21976,4.6745524
21977,5.590806
21978,5.643654
21979,0.91264254
21980,3.8592114
21981,6.804995
21982,4.8210626
21983,5.487305
21984,4.030532
21985,4.8146486
21986,5.5503354
21987,-0.21129309
21988,7.5539284
21989,3.525885
21990,4.684759
21991,8.249394
21992,6.5621443
21993,5.263785
21994,7.885055
21995,2.2672722
21996,4.195082
21997,4.778129
21998,2.6765053
21999,6.8696766
22000,4.5859466
22001,6.762593
22002,4.344166
22003,6.4424424
22004,3.199208
22005,4.0704246
22006,3.476876
22007,2.4330435
22008,4.869535
22009,2.54889
22010,7.63107
22011,1.4511204
22012,1.6082687
22013,3.2851
22014,6.077948
22015,5.7027984
22016,5.6409655
22017,4.043849
22018,4.052609
22019,2.9268816
22020,4.060321
22021,2.4671323
22022,5.674418
22023,6.8077736
22024,6.9653034
22025,4.6585674
22026,1.8874588
22027,1.2759507
22028,5.8627815
22029,8.499912
22030,4.356941
22031,4.601926
22032,7.4494843
22033,4.499593
22034,2.340321
22035,4.084657
22036,5.800547
22037,4.420926
22038,4.4912515
22039,3.09309
22040,4.5783224
22041,2.3141513
22042,2.177577
22043,2.6891713
22044,5.1314907
22045,4.78999
22046,4.6907153
22047,4.595447
22048,3.000276
22049,6.399332
22050,4.287395
22051,4.560666
22052,4.09814
22053,4.082105
22054,5.832344
22055,3.9902534
22056,1.7686872
22057,6.58906
22058,0.029179258
22059,7.1229234
22060,3.5512488
22061,7.112384
22062,2.4258301
22063,1.1852188
22064,2.3877225
22065,7.400518
22066,4.999277
22067,1.9750593
22068,5.934854
22069,3.929744
22070,4.4984436
22071,3.9663122
22072,5.2711034
22073,8.154378
22074,6.8235774
22075,7.8383355
22076,5.230569
22077,4.7487226
22078,3.8625376
22079,5.823455
22080,4.1924653
22081,3.7685437
22082,5.764927
22083,5.016872
22084,5.172441
22085,5.683929
22086,3.6865432
22087,5.636673
22088,6.0076504
22089,4.6520844
22090,3.0233464
22091,3.2161207
22092,8.202435
22093,3.5838258
22094,6.8255525
22095,2.6781414
22096,7.280806
22097,4.333617
22098,5.2643404
22099,5.565867
22100,5.59011
22101,6.889244
22102,8.208992
22103,6.162538
22104,5.233594
22105,6.2608232
22106,6.2039614
22107,4.615392
22108,6.3729157
22109,7.697587
22110,2.819347
22111,7.3391476
22112,2.068484
22113,7.5181975
22114,6.994227
22115,4.494541
22116,1.2944794
22117,4.821019
22118,6.156147
22119,3.3317978
22120,3.7317102
22121,3.9323914
22122,4.9424467
22123,5.5557213
22124,5.430438
22125,2.429202
22126,8.361794
22127,4.395004
22128,1.3549695
22129,5.462186
22130,5.736707
22131,4.012821
22132,7.8005495
22133,8.155104
22134,3.9771986
22135,4.402425
22136,3.7124698
22137,1.6104398
22138,1.9763697
22139,3.8067458
22140,6.688598
22141,4.7092056
22142,6.0205774
22143,7.5456233
22144,3.0882943
22145,2.6779158
22146,4.366649
22147,5.1826773
22148,4.882607
22149,3.0193467
22150,6.0281944
22151,3.7312732
22152,3.4846485
22153,4.7841997
22154,6.1290812
22155,6.363949
22156,5.008189
22157,3.5687654
22158,5.5172076
22159,7.206803
22160,3.5320456
22161,5.1384745
22162,3.6662242
22163,4.3307757
22164,5.1454053
22165,4.4173846
22166,2.656569
22167,6.9686265
22168,6.0396338
22169,1.8604323
22170,4.905843
22171,7.3578076
22172,5.498589
22173,2.98918
22174,6.553436
22175,4.322737
22176,8.136801
22177,5.757487
22178,7.4657087
22179,5.2837253
22180,1.1272185
22181,3.6017594
22182,0.6328708
22183,7.038442
22184,4.970405
22185,4.2753563
22186,8.06666
22187,4.7524996
22188,5.940979
22189,8.777193
22190,3.8493123
22191,8.69436
22192,4.5157123
22193,6.699079
22194,8.493085
22195,5.689125
22196,6.2515283
22197,3.0714877
22198,2.2220473
22199,3.0680125
22200,4.0268865
22201,6.5184712
22202,4.4745502
22203,0.67770493
22204,2.1117246
22205,5.570908
22206,4.992068
22207,5.8564143
22208,3.9160426
22209,2.4527178
22210,5.1300025
22211,7.553544
22212,6.5609903
22213,5.8749447
22214,7.225286
22215,2.0434349
22216,4.4130054
22217,1.3746619
22218,4.2520413
22219,2.3437252
22220,4.478368
22221,6.1802273
22222,8.588321
22223,7.7136574
22224,6.2879443
22225,1.3668483
22226,4.740797
22227,4.0189986
22228,2.0135214
22229,3.4499128
22230,5.120638
22231,6.6837845
22232,5.1762624
22233,2.444612
22234,5.1214867
22235,6.386882
22236,2.5522916
22237,1.3844143
22238,3.904868
22239,4.8467135
22240,4.0324907
22241,5.4104557
22242,6.4750233
22243,4.131967
22244,4.843465
22245,3.301764
22246,3.9447558
22247,3.4414978
22248,5.20895
22249,4.54837
22250,5.7229657
22251,2.840931
22252,5.5801663
22253,3.1481185
22254,7.0210423
22255,4.370558
22256,2.512342
22257,5.887221
22258,4.683713
22259,4.834966
22260,3.4712937
22261,2.1923873
22262,2.1279378
22263,3.937075
22264,6.271396
22265,7.3647437
22266,4.2904654
22267,5.228984
22268,6.729518
22269,3.3123846
22270,2.406074
22271,3.8225136
22272,2.325995
22273,7.4379783
22274,2.7553964
22275,6.4593415
22276,6.033773
22277,2.3394709
22278,3.4284601
22279,1.5319026
22280,7.3545322
22281,4.69875
22282,3.5547152
22283,3.119037
22284,1.4722729
22285,2.1873007
22286,4.1626143
22287,7.967342
22288,0.8968679
22289,6.9149594
22290,3.567441
22291,5.937803
22292,2.411907
22293,4.3211045
22294,4.632922
22295,5.027598
22296,4.9481125
22297,1.3790826
22298,3.935471
22299,3.0759444
22300,2.0488493
22301,4.580077
22302,7.4159327
22303,4.8197722
22304,6.3539233
22305,3.1588304
22306,3.093924
22307,4.676014
22308,5.1753883
22309,8.420179
22310,2.1070976
22311,7.1112676
22312,3.0640173
22313,5.1542263
22314,4.641904
22315,5.1605206
22316,7.0185924
22317,3.5607975
22318,2.688152
22319,5.032526
22320,7.67481
22321,5.9449472
22322,2.6782036
22323,2.1858475
22324,3.9349732
22325,2.1327393
22326,7.811764
22327,3.156781
22328,6.3758087
22329,3.9540768
22330,6.5871024
22331,3.9536068
22332,4.1200557
22333,3.2231886
22334,1.3063251
22335,6.530289
22336,7.4063363
22337,2.5378077
22338,4.023426
22339,8.544171
22340,1.8925952
22341,3.268124
22342,7.424456
22343,5.9293294
22344,6.224719
22345,2.750601
22346,6.8065753
22347,7.4698143
22348,7.007248
22349,6.670008
22350,5.904935
22351,1.5694597
22352,6.2744145
22353,2.81269
22354,0.79521656
22355,5.717881
22356,4.3208504
22357,4.6545124
22358,6.3765283
22359,8.882226
22360,5.506257
22361,3.0852017
22362,5.2676234
22363,5.85186
22364,4.2759156
22365,1.9067539
22366,7.367517
22367,5.8183093
22368,5.569629
22369,3.1089058
22370,4.276547
22371,2.105468
22372,2.824152
22373,4.3188677
22374,2.9935274
22375,2.9430592
22376,2.7684734
22377,2.8624904
22378,5.8158584
22379,4.204201
22380,3.582477
22381,3.8410978
22382,3.3067403
22383,2.9134512
22384,3.109901
22385,7.095357
22386,6.454679
22387,1.2742244
22388,5.4027886
22389,3.5754118
22390,2.9069366
22391,4.7653794
22392,4.052285
22393,6.5939484
22394,7.1350775
22395,1.4336841
22396,5.2172384
22397,3.606247
22398,5.2261786
22399,5.9174576
22400,5.6402025
22401,4.7981935
22402,4.0618773
22403,2.7549095
22404,5.7770934
22405,4.9731956
22406,7.3883476
22407,2.64299
22408,3.954114
22409,2.68111
22410,1.655805
22411,4.286525
22412,3.990696
22413,5.296814
22414,1.9008852
22415,3.3667781
22416,7.0272665
22417,5.4361386
22418,3.2997665
22419,7.2632494
22420,3.932398
22421,5.557036
22422,5.4437437
22423,5.593506
22424,7.568772
22425,4.4087443
22426,5.553901
22427,5.8449864
22428,0.9381767
22429,2.2333922
22430,2.795723
22431,5.829624
22432,4.795947
22433,3.079154
22434,0.10668112
22435,4.1736183
22436,4.0709057
22437,2.846344
22438,6.925957
22439,3.1751828
22440,3.2723024
22441,4.948852
22442,3.862222
22443,2.9290693
22444,3.0802758
22445,5.138867
22446,2.766206
22447,6.648415
22448,3.0230012
22449,2.1778572
22450,5.0373793
22451,5.4680853
22452,5.192907
22453,3.8067198
22454,5.948659
22455,8.2919
22456,7.505766
22457,7.751912
22458,4.327669
22459,6.0956454
22460,5.842029
22461,7.509637
22462,1.4827412
22463,4.998539
22464,5.1231627
22465,6.794172
22466,2.436822
22467,2.8545291
22468,4.215131
22469,1.9103457
22470,6.278588
22471,4.6989264
22472,4.0099945
22473,1.3015281
22474,1.2368907
22475,3.4046497
22476,5.8502803
22477,4.2365637
22478,8.986966
22479,4.656557
22480,7.459568
22481,5.4606833
22482,7.4910474
22483,6.221898
22484,3.7112603
22485,4.361645
22486,7.2957892
22487,3.2097425
22488,1.6884955
22489,4.237915
22490,2.3798418
22491,2.3157692
22492,5.5837007
22493,4.5586305
22494,4.8173804
22495,6.50342
22496,6.5265856
22497,3.2316675
22498,3.8872244
22499,2.6015582
22500,5.827823
22501,8.109222
22502,4.660945
22503,5.6302223
22504,6.1554627
22505,2.9550204
22506,7.6769457
22507,2.5656328
22508,4.0167413
22509,8.32135
22510,5.994186
22511,4.907257
22512,7.5383773
22513,5.3382053
22514,1.3023411
22515,4.276565
22516,3.6992397
22517,0.13803785
22518,4.4681473
22519,5.096917
22520,5.3984675
22521,0.35168234
22522,2.8938878
22523,4.087461
22524,2.3450713
22525,3.6296272
22526,2.4037929
22527,3.252814
22528,2.8813267
22529,3.4975705
22530,2.0063052
22531,2.9607859
22532,-0.3927369
22533,5.0076203
22534,7.5455685
22535,2.4358284
22536,7.0849633
22537,4.45501
22538,5.965966
22539,5.2286983
22540,3.6688027
22541,5.487369
22542,1.9131283
22543,4.813821
22544,2.72163
22545,2.9446409
22546,3.8059163
22547,4.5107822
22548,1.9479394
22549,5.566027
22550,2.3339462
22551,3.232275
22552,2.6984246
22553,5.354849
22554,7.0147076
22555,1.3928368
22556,6.997856
22557,4.4793277
22558,2.30765
22559,2.816387
22560,2.1607337
22561,4.2411065
22562,2.452091
22563,1.6875352
22564,6.401378
22565,5.0397596
22566,5.0447555
22567,5.1561437
22568,6.2703104
22569,1.8708307
22570,3.3023372
22571,2.346208
22572,3.3990545
22573,8.292664
22574,3.4196842
22575,3.2582948
22576,3.9508278
22577,0.7952284
22578,1.0458483
22579,3.658662
22580,7.3577895
22581,1.4344739
22582,3.3708384
22583,3.2548358
22584,2.868126
22585,2.0861697
22586,6.935266
22587,7.2313786
22588,4.2777376
22589,6.6878176
22590,7.203562
22591,3.447776
22592,6.788693
22593,2.0125813
22594,2.5339696
22595,7.499365
22596,4.612424
22597,3.9333265
22598,3.7968338
22599,4.460237
22600,4.567596
22601,2.01461
22602,3.861031
22603,9.122207
22604,7.4350567
22605,4.124361
22606,3.3168387
22607,4.646323
22608,6.116002
22609,7.3725452
22610,1.9444073
22611,5.805299
22612,8.259672
22613,8.156831
22614,5.853848
22615,6.8715906
22616,3.43176
22617,4.1105146
22618,1.3717644
22619,3.6342564
22620,3.165037
22621,2.1190856
22622,7.760064
22623,7.2798123
22624,2.879003
22625,3.0325432
22626,-0.5211275
22627,1.1236174
22628,5.1385303
22629,5.2557683
22630,3.801855
22631,3.6687655
22632,5.5672836
22633,3.0300665
22634,1.3017496
22635,5.8374777
22636,7.4237103
22637,4.207108
22638,2.6169212
22639,4.8554296
22640,-0.76062584
22641,0.8414929
22642,5.2123923
22643,2.2046154
22644,2.9093437
22645,3.9547868
22646,4.195469
22647,4.1227565
22648,3.778186
22649,3.076381
22650,6.3429604
22651,4.843675
22652,3.3551219
22653,4.8837576
22654,3.9149904
22655,4.8706226
22656,6.9288106
22657,2.5423021
22658,2.7780528
22659,8.332028
22660,1.9546512
22661,1.1308173
22662,3.8863206
22663,5.636081
22664,3.7141988
22665,6.6448107
22666,6.222486
22667,4.187443
22668,6.0095572
22669,7.861319
22670,4.361595
22671,2.5503435
22672,2.8191009
22673,1.769455
22674,5.614688
22675,4.884626
22676,3.156526
22677,2.909408
22678,7.5690193
22679,2.5471907
22680,1.8971052
22681,2.8621616
22682,3.0447485
22683,4.1011496
22684,3.5961704
22685,4.560325
22686,4.540385
22687,4.5512214
22688,5.158628
22689,3.2314785
22690,5.096729
22691,7.261387
22692,1.4825469
22693,6.4888296
22694,3.3329768
22695,7.000009
22696,7.7662644
22697,3.478956
22698,2.3169637
22699,2.7220387
22700,3.7210603
22701,6.3668876
22702,3.9461532
22703,6.0046606
22704,4.6585345
22705,7.9354806
22706,7.2294655
22707,3.2730715
22708,7.5248113
22709,5.0516543
22710,4.3062468
22711,2.7628224
22712,4.9513946
22713,4.826075
22714,2.5429132
22715,2.170159
22716,-0.5249164
22717,5.747031
22718,4.0434856
22719,6.8993597
22720,1.8870186
22721,3.2541945
22722,6.10181
22723,7.3075
22724,4.3942947
22725,2.6063406
22726,2.7379522
22727,2.2809825
22728,7.045096
22729,3.3168926
22730,-0.011209513
22731,8.23808
22732,4.220794
22733,6.9321103
22734,4.7527003
22735,5.8592443
22736,4.9723077
22737,7.169708
22738,1.9658511
22739,7.169067
22740,5.080346
22741,0.803929
22742,1.0397671
22743,5.44674
22744,6.0776067
22745,5.7050743
22746,4.903334
22747,2.0971541
22748,1.5261467
22749,3.9320092
22750,6.8976464
22751,1.5920101
22752,-0.2538811
22753,1.8041338
22754,7.1619625
22755,4.672563
22756,4.747572
22757,5.744046
22758,6.4699264
22759,4.7624087
22760,2.70554
22761,2.8382196
22762,2.2936077
22763,7.138153
22764,5.877067
22765,2.2307115
22766,6.8210554
22767,3.1982388
22768,4.309089
22769,3.7630389
22770,4.8074946
22771,2.3708215
22772,5.121237
22773,4.903615
22774,3.7859232
22775,5.3021083
22776,4.1988263
22777,7.6268167
22778,7.5673633
22779,5.8964205
22780,6.377239
22781,1.2050332
22782,1.9150805
22783,3.276211
22784,6.9743443
22785,3.3629093
22786,2.136629
22787,5.504049
22788,2.1483347
22789,4.6540127
22790,5.5067472
22791,7.17282
22792,5.7433186
22793,8.540304
22794,2.4939835
22795,1.8290936
22796,6.37758
22797,1.9647865
22798,5.1781125
22799,3.594667
22800,3.013878
22801,2.5685377
22802,4.8546195
22803,6.145422
22804,2.926996
22805,1.2347437
22806,5.5961914
22807,7.2594132
22808,8.526326
22809,3.905345
22810,6.9669995
22811,6.758676
22812,3.4751284
22813,6.994116
22814,1.9314243
22815,7.3701024
22816,5.130987
22817,6.537318
22818,4.4362774
22819,3.1562185
22820,0.7498439
22821,3.2202575
22822,6.6822906
22823,3.390898
22824,1.8745917
22825,3.2732353
22826,2.3702567
22827,7.397411
22828,0.46729732
22829,6.4377527
22830,6.0833416
22831,5.0960865
22832,7.018991
22833,3.2376912
22834,3.0409815
22835,1.3403811
22836,2.6516905
22837,7.275392
22838,4.671183
22839,0.94734645
22840,3.702733
22841,5.376889
22842,1.4280456
22843,4.7924514
22844,3.0681243
22845,5.8529243
22846,8.660271
22847,5.650047
22848,3.8901544
22849,6.2849097
22850,1.7538294
22851,3.5521333
22852,6.0264597
22853,1.9226378
22854,6.888926
22855,1.6666611
22856,1.9187305
22857,0.83093524
22858,4.468873
22859,4.482952
22860,1.9538434
22861,2.806001
22862,4.685938
22863,5.806091
22864,5.1509933
22865,5.964885
22866,3.033351
22867,2.2902648
22868,7.6555934
22869,5.6397877
22870,3.570538
22871,5.0255127
22872,4.95073
22873,2.9895658
22874,3.4236238
22875,3.925669
22876,3.0471277
22877,4.366575
22878,5.9050407
22879,7.476131
22880,7.7379603
22881,5.144176
22882,6.128481
22883,2.8518777
22884,6.7692757
22885,2.7771592
22886,3.5292797
22887,1.904352
22888,1.4072027
22889,2.2709446
22890,8.336697
22891,6.166365
22892,6.8580394
22893,1.1484436
22894,3.6626008
22895,2.164122
22896,3.7573614
22897,4.3559275
22898,4.8174515
22899,1.9206187
22900,7.032202
22901,4.2262383
22902,2.5768063
22903,1.1515055
22904,4.241397
22905,4.8989673
22906,3.705834
22907,3.088481
22908,3.7118168
22909,3.6389897
22910,4.990929
22911,6.5661817
22912,5.9400706
22913,5.534166
22914,7.2857366
22915,7.1672716
22916,7.8722425
22917,4.2411213
22918,3.561985
22919,3.7711372
22920,0.52569526
22921,6.1133094
22922,2.044671
22923,4.731587
22924,1.9456542
22925,3.741042
22926,4.366368
22927,3.8947952
22928,5.584908
22929,5.73736
22930,4.446666
22931,4.591316
22932,7.4256015
22933,2.5986116
22934,4.349993
22935,2.5413156
22936,4.9000397
22937,3.143411
22938,6.8249526
22939,2.0027797
22940,2.3683152
22941,2.3119447
22942,4.429733
22943,7.8890667
22944,7.068364
22945,2.3345432
22946,4.110928
22947,5.4811773
22948,3.0012572
22949,1.7097707
22950,6.3158016
22951,1.8523114
22952,6.020797
22953,3.828674
22954,3.8977113
22955,2.6903644
22956,1.7639456
22957,3.1853874
22958,0.31686515
22959,3.2903316
22960,4.94567
22961,5.1763234
22962,6.3182883
22963,8.333667
22964,3.0983624
22965,5.3780785
22966,3.5051303
22967,3.9586692
22968,6.985223
22969,5.9293838
22970,5.7894597
22971,3.2300441
22972,4.1879783
22973,5.197286
22974,5.0559006
22975,3.929785
22976,3.246511
22977,0.4080271
22978,5.0867753
22979,5.9782305
22980,4.426526
22981,2.5738826
22982,6.8412538
22983,2.7692559
22984,2.6147017
22985,3.4522843
22986,3.204789
22987,3.1461792
22988,3.8073285
22989,5.5689335
22990,6.2680287
22991,3.8243384
22992,3.8713002
22993,1.3585683
22994,2.332766
22995,5.04079
22996,7.073474
22997,4.4774127
22998,7.5858927
22999,6.862305
23000,4.7534103
23001,5.0221524
23002,6.24781
23003,6.3720274
23004,5.9642224
23005,2.0745137
23006,3.435636
23007,3.6129663
23008,3.0653594
23009,4.5442038
23010,2.7854304
23011,2.4424145
23012,4.5418253
23013,4.243935
23014,6.29051
23015,6.4376526
23016,3.5915704
23017,0.2920921
23018,4.918809
23019,2.4640152
23020,5.0424223
23021,2.3152905
23022,5.970769
23023,8.028362
23024,2.5906823
23025,6.2847166
23026,3.8020523
23027,1.4843295
23028,2.7362754
23029,5.1147985
23030,3.3086436
23031,-0.06339154
23032,5.8288674
23033,2.3793933
23034,3.0129836
23035,4.744038
23036,3.1728456
23037,3.4270117
23038,7.4758787
23039,7.325387
23040,8.501112
23041,5.760127
23042,6.746456
23043,4.791347
23044,4.277462
23045,5.0222406
23046,5.010337
23047,7.4687014
23048,1.8077406
23049,5.7537193
23050,7.797359
23051,3.0506628
23052,4.8240542
23053,4.9630394
23054,6.4214406
23055,4.272776
23056,5.1160936
23057,7.964353
23058,5.383152
23059,7.3933396
23060,3.5153108
23061,7.047322
23062,6.790465
23063,3.0015407
23064,4.7992473
23065,2.2119353
23066,5.7338715
23067,4.588621
23068,1.9017256
23069,3.7864926
23070,3.8254316
23071,5.8053784
23072,4.3642826
23073,5.3417063
23074,2.6894903
23075,5.8064737
23076,3.1809764
23077,3.8650703
23078,7.4889374
23079,3.450554
23080,4.801325
23081,3.3408158
23082,3.5701177
23083,1.4868757
23084,1.9129603
23085,4.5846734
23086,0.52315533
23087,2.0972595
23088,5.406115
23089,2.5825386
23090,2.0185764
23091,6.575405
23092,3.805326
23093,6.165228
23094,0.42772713
23095,3.8128765
23096,3.4437175
23097,7.729679
23098,2.7327878
23099,5.9244113
23100,4.0616307
23101,6.7152414
23102,3.6870759
23103,5.5845737
23104,3.9009802
23105,1.3886149
23106,2.9941351
23107,7.6062646
23108,5.5966177
23109,6.609005
23110,3.6811469
23111,5.0642457
23112,4.747536
23113,5.248359
23114,4.3258233
23115,4.133912
23116,2.6826367
23117,7.377133
23118,-0.032663397
23119,5.426137
23120,3.4342487
23121,7.468526
23122,7.9270954
23123,3.369405
23124,5.60822
23125,3.2624454
23126,4.3214526
23127,8.92149
23128,3.5111134
23129,2.672786
23130,0.8074364
23131,2.6966987
23132,3.8887472
23133,3.87304
23134,1.3238908
23135,6.510745
23136,0.11742577
23137,7.447746
23138,6.3493996
23139,4.1058645
23140,4.0207224
23141,3.4522064
23142,5.8421373
23143,2.8868194
23144,5.8189316
23145,3.5566497
23146,-0.15382147
23147,6.497028
23148,7.4419637
23149,1.9820149
23150,3.789021
23151,5.1329856
23152,4.6451592
23153,5.4405546
23154,2.6376774
23155,2.6930373
23156,2.924282
23157,6.1595583
23158,3.2987125
23159,4.3790574
23160,4.7053847
23161,5.6251473
23162,2.8251786
23163,4.7764597
23164,3.9918025
23165,2.701339
23166,4.283214
23167,4.039859
23168,4.7967095
23169,-0.16618104
23170,3.6283069
23171,8.517547
23172,3.419741
23173,5.069182
23174,6.273335
23175,3.1621382
23176,3.809047
23177,6.2841234
23178,4.9629498
23179,4.856545
23180,4.870089
23181,6.2089853
23182,3.159106
23183,5.405768
23184,0.74068815
23185,6.554987
23186,4.4950294
23187,6.1515446
23188,3.0913057
23189,4.761805
23190,2.1330662
23191,2.0969586
23192,2.6280043
23193,1.8094028
23194,2.6229064
23195,5.819565
23196,5.4133024
23197,2.6415582
23198,6.312775
23199,5.105287
23200,2.7003741
23201,5.4654355
23202,2.6929238
23203,7.166056
23204,6.5178847
23205,5.6736984
23206,3.281326
23207,1.9632612
23208,4.2850275
23209,2.494243
23210,3.1162548
23211,2.9618404
23212,3.8350902
23213,4.8167267
23214,3.1738684
23215,0.177717
23216,5.0148106
23217,7.9921002
23218,5.1260614
23219,4.0773945
23220,4.549321
23221,3.1625607
23222,8.390201
23223,1.5087171
23224,8.939294
23225,1.2903223
23226,5.2677402
23227,5.1473703
23228,1.9809775
23229,1.9579381
23230,2.2116122
23231,7.042309
23232,1.9033322
23233,3.1290367
23234,4.539542
23235,4.4842143
23236,1.4264624
23237,7.407076
23238,2.0326357
23239,6.005547
23240,7.346222
23241,5.9785666
23242,6.647632
23243,2.102431
23244,2.5236142
23245,6.5998907
23246,7.8344827
23247,7.5536447
23248,3.466925
23249,5.573996
23250,1.5940305
23251,2.6252155
23252,1.0244786
23253,5.155856
23254,4.3350515
23255,4.247976
23256,8.121752
23257,6.1874304
23258,4.4568768
23259,1.3024727
23260,5.6266503
23261,4.0003295
23262,3.786203
23263,4.5716596
23264,1.1602803
23265,2.7801063
23266,5.2432685
23267,5.0737042
23268,7.494051
23269,4.033597
23270,4.2720985
23271,4.4287972
23272,5.775522
23273,1.8560945
23274,2.1746366
23275,5.1922584
23276,3.686359
23277,0.6824145
23278,6.575253
23279,3.9795606
23280,2.2315803
23281,4.985298
23282,4.310706
23283,2.2179115
23284,5.5690184
23285,2.545375
23286,1.8322413
23287,3.8291771
23288,3.4802597
23289,5.1956177
23290,5.809096
23291,2.8231375
23292,5.1370783
23293,2.100616
23294,6.6726565
23295,4.8292727
23296,4.858595
23297,2.695619
23298,5.6000533
23299,3.7006547
23300,3.8446267
23301,2.783167
23302,3.215169
23303,5.735878
23304,3.3245778
23305,3.1554458
23306,4.8063483
23307,1.9133937
23308,3.236473
23309,5.2700605
23310,6.2912054
23311,3.7115376
23312,6.0401063
23313,2.0229266
23314,2.6810477
23315,6.3665695
23316,1.6337186
23317,5.1624007
23318,5.105978
23319,1.8954744
23320,2.4844406
23321,5.697599
23322,7.800342
23323,4.15256
23324,1.7161436
23325,3.3810236
23326,4.5233216
23327,2.7875443
23328,6.5440607
23329,6.5198584
23330,0.67455477
23331,7.7964983
23332,6.2639937
23333,6.755496
23334,7.248507
23335,4.6166425
23336,5.079626
23337,5.4137907
23338,5.8381534
23339,5.281883
23340,3.052499
23341,2.3800538
23342,2.7806249
23343,6.572787
23344,4.8644347
23345,6.7527356
23346,2.1363907
23347,4.2500925
23348,2.1711524
23349,5.651109
23350,4.912721
23351,3.967433
23352,1.7130239
23353,5.933129
23354,3.225574
23355,4.139605
23356,5.7553234
23357,-0.11332442
23358,4.4410315
23359,4.8041954
23360,4.1716065
23361,2.1918447
23362,2.3205028
23363,1.3060379
23364,2.6357546
23365,2.7326632
23366,5.527086
23367,4.923338
23368,6.730593
23369,2.5046878
23370,5.496442
23371,5.716076
23372,3.6440895
23373,6.282837
23374,5.4873548
23375,4.561517
23376,6.888209
23377,4.350139
23378,2.3379824
23379,4.8959365
23380,5.9503007
23381,2.606087
23382,6.237875
23383,3.764356
23384,1.5905069
23385,2.0895875
23386,3.5562403
23387,5.207491
23388,5.0837607
23389,2.7632961
23390,1.4329
23391,6.7088294
23392,5.8543844
23393,5.2190027
23394,5.403932
23395,2.3182628
23396,8.194501
23397,6.3409805
23398,4.411625
23399,2.6232104
23400,1.682944
23401,7.0105715
23402,2.0301678
23403,2.6906784
23404,5.7868247
23405,2.6096349
23406,1.9891237
23407,6.7759466
23408,3.500061
23409,6.774305
23410,4.1025977
23411,7.389159
23412,7.4209156
23413,4.932354
23414,7.380002
23415,3.277805
23416,3.2018952
23417,5.3429227
23418,5.0099134
23419,5.917929
23420,2.909164
23421,2.6238055
23422,3.7108386
23423,2.555477
23424,4.6033144
23425,5.035024
23426,3.7821903
23427,3.9522352
23428,4.3357663
23429,1.5547303
23430,4.50524
23431,0.5756164
23432,4.712122
23433,0.8990709
23434,3.440161
23435,4.0849547
23436,3.144989
23437,1.9195068
23438,3.316207
23439,2.5117671
23440,5.578868
23441,3.9279728
23442,4.3797574
23443,3.0399458
23444,1.5939463
23445,5.3316283
23446,6.870745
23447,2.968196
23448,5.0619383
23449,7.9155617
23450,3.5072682
23451,2.5365856
23452,4.658481
23453,6.114113
23454,4.1889143
23455,4.828969
23456,5.824757
23457,0.19140777
23458,7.45485
23459,6.004644
23460,3.3954153
23461,5.2223325
23462,6.4829636
23463,5.6125164
23464,3.4221616
23465,3.4111886
23466,6.688767
23467,5.1015687
23468,1.1320394
23469,5.240599
23470,6.7237687
23471,6.910946
23472,2.2041402
23473,5.8011885
23474,4.897511
23475,4.289818
23476,4.542579
23477,3.0139184
23478,4.708488
23479,5.2812524
23480,0.8623787
23481,4.7431097
23482,4.244861
23483,3.2653162
23484,8.445016
